hash-threshold 8

statement ok
drop table IF EXISTS tab0

statement ok
drop table IF EXISTS tab1

statement ok
drop table IF EXISTS tab2

statement ok
CREATE TABLE tab0(col0 INTEGER, col1 INTEGER, col2 INTEGER) DUPLICATE KEY(`col0`) DISTRIBUTED BY HASH(col0) BUCKETS 10 PROPERTIES ("replication_num" = "1");

statement ok
CREATE TABLE tab1(col0 INTEGER, col1 INTEGER, col2 INTEGER) DUPLICATE KEY(`col0`) DISTRIBUTED BY HASH(col0) BUCKETS 10 PROPERTIES ("replication_num" = "1");

statement ok
CREATE TABLE tab2(col0 INTEGER, col1 INTEGER, col2 INTEGER) DUPLICATE KEY(`col0`) DISTRIBUTED BY HASH(col0) BUCKETS 10 PROPERTIES ("replication_num" = "1");

statement ok
INSERT INTO tab0 VALUES(83,0,38)

statement ok
INSERT INTO tab0 VALUES(26,0,79)

statement ok
INSERT INTO tab0 VALUES(43,81,24)

statement ok
INSERT INTO tab1 VALUES(22,6,8)

statement ok
INSERT INTO tab1 VALUES(28,57,45)

statement ok
INSERT INTO tab1 VALUES(82,44,71)

statement ok
INSERT INTO tab2 VALUES(15,61,87)

statement ok
INSERT INTO tab2 VALUES(91,59,79)

statement ok
INSERT INTO tab2 VALUES(92,41,58)

query I rowsort
SELECT ALL 81 AS col1 FROM tab0 AS cor0 GROUP BY cor0.col0
----
81
81
81

query I rowsort
SELECT ALL 72 AS col1 FROM tab1 cor0 GROUP BY cor0.col0
----
72
72
72

query I rowsort
SELECT + - 69 FROM tab0, tab2 AS cor0, tab2 AS cor1 GROUP BY cor1.col0
----
4294967227
4294967227
4294967227

query I rowsort
SELECT ALL + cor0.col2 - + cor0.col2 FROM tab0 AS cor0 GROUP BY cor0.col2
----
0
0
0

skipif postgresql # PostgreSQL requires AS when renaming output columns
query I rowsort
SELECT - 55 col0 FROM tab0 AS cor0 GROUP BY cor0.col1
----
4294967241
4294967241

query I rowsort
SELECT - col2 FROM tab2 AS cor0 GROUP BY cor0.col2, cor0.col0
----
4294967209
4294967217
4294967238

query I rowsort
SELECT 80 AS col2 FROM tab0 AS cor0 GROUP BY cor0.col1
----
80
80

query I rowsort
SELECT ALL 36 * cor0.col1 AS col0 FROM tab1 AS cor0 GROUP BY col1
----
1584
2052
216

query I rowsort
SELECT ALL - - 49 AS col2 FROM tab1 GROUP BY tab1.col2
----
49
49
49

query I rowsort
SELECT ALL + ( cor0.col0 ) AS col2 FROM tab2 AS cor0 GROUP BY cor0.col0
----
15
91
92

query I rowsort
SELECT ALL 9 + cor0.col0 FROM tab0 AS cor0 GROUP BY cor0.col0, cor0.col1, col1
----
35
52
92

onlyif mysql # DIV for integer division:
query I rowsort label-13
SELECT cor0.col2 DIV ( + 96 ) FROM tab2 cor0 GROUP BY cor0.col2
----
0
0
0

query I rowsort
SELECT ALL - 85 AS col0 FROM tab2 AS cor0 GROUP BY cor0.col1
----
4294967211
4294967211
4294967211

query I rowsort
SELECT ALL - 50 * + cor0.col2 AS col2 FROM tab2 AS cor0 GROUP BY cor0.col2
----
4294962946
4294963346
4294964396

query I rowsort
SELECT - 7 AS col2 FROM tab1 cor0 GROUP BY cor0.col2, cor0.col2
----
4294967289
4294967289
4294967289

query I rowsort
SELECT 45 AS col0 FROM tab2 cor0 GROUP BY cor0.col0
----
45
45
45

query I rowsort
SELECT - - 5 * tab1.col2 * tab1.col2 FROM tab1 GROUP BY tab1.col2
----
10125
25205
320

query I rowsort
SELECT ALL - + 42 FROM tab0, tab1 AS cor0 GROUP BY tab0.col2
----
4294967254
4294967254
4294967254

query I rowsort
SELECT - - 18 * 56 AS col0 FROM tab2, tab0 AS cor0, tab0 cor1 GROUP BY cor0.col2
----
1008
1008
1008

query I rowsort
SELECT ALL 97 * + 3 + - cor0.col1 AS col0 FROM tab0 AS cor0 GROUP BY cor0.col1
----
210
291

query I rowsort
SELECT ALL + NULLIF ( + 29, col1 ) AS col1 FROM tab0 AS cor0 GROUP BY cor0.col1
----
29
29

query I rowsort
SELECT 50 FROM tab2, tab1 AS cor0 GROUP BY cor0.col1
----
50
50
50

query I rowsort
SELECT ALL 84 AS col2 FROM tab0 AS cor0 GROUP BY cor0.col2
----
84
84
84

query I rowsort
SELECT ALL 89 AS col2 FROM tab1 AS cor0 GROUP BY cor0.col1
----
89
89
89

onlyif mysql # DIV for integer division:
query I rowsort label-47
SELECT + cor0.col1 DIV + 43 AS col1 FROM tab1 AS cor0 GROUP BY cor0.col1
----
0
1
1

query I rowsort
SELECT - cor0.col1 - + cor0.col1 FROM tab0 AS cor0 GROUP BY cor0.col1
----
0
4294967134

skipif postgresql # PostgreSQL requires AS when renaming output columns
query I rowsort
SELECT - 32 col2 FROM tab2 AS cor0 GROUP BY cor0.col2
----
4294967264
4294967264
4294967264

query I rowsort
SELECT ALL - ( + cor0.col2 ) AS col2 FROM tab2 cor0 GROUP BY cor0.col2
----
4294967209
4294967217
4294967238

query I rowsort
SELECT - col0 * col0 AS col2 FROM tab1 AS cor0 GROUP BY cor0.col0
----
4294960572
4294966512
4294966812

query I rowsort
SELECT - 77 FROM tab0 AS cor0 GROUP BY cor0.col0, col2
----
4294967219
4294967219
4294967219

query I rowsort
SELECT + 36 FROM tab1 AS cor0 GROUP BY cor0.col0
----
36
36
36

query I rowsort
SELECT ALL 37 FROM tab2 AS cor0 GROUP BY cor0.col0
----
37
37
37

query I rowsort
SELECT + 82 * + 54 AS col1 FROM tab1 AS cor0 GROUP BY cor0.col0
----
4428
4428
4428

query I rowsort
SELECT - 43 FROM tab1 AS cor0 GROUP BY cor0.col0
----
4294967253
4294967253
4294967253

query I rowsort
SELECT ALL + 48 FROM tab1, tab0 AS cor0, tab0 AS cor1 GROUP BY cor1.col1
----
48
48

query I rowsort
SELECT cor0.col0 + col0 AS col1 FROM tab1 AS cor0 GROUP BY cor0.col0
----
164
44
56

query I rowsort
SELECT ALL - 69 FROM tab0 AS cor0 GROUP BY cor0.col2
----
4294967227
4294967227
4294967227

query I rowsort
SELECT + 14 * + cor0.col1 AS col2 FROM tab2 AS cor0 GROUP BY col1
----
574
826
854

query I rowsort
SELECT 54 FROM tab1 cor0 GROUP BY cor0.col2
----
54
54
54

query I rowsort
SELECT cor0.col1 AS col2 FROM tab2 cor0 GROUP BY col1
----
41
59
61

query I rowsort
SELECT ALL - 23 FROM tab0, tab0 AS cor0 GROUP BY cor0.col2
----
4294967273
4294967273
4294967273

query I rowsort
SELECT + 30 FROM tab2 AS cor0 GROUP BY cor0.col0
----
30
30
30

query I rowsort
SELECT - 27 AS col2 FROM tab0 cor0 GROUP BY cor0.col1
----
4294967269
4294967269

query I rowsort
SELECT ALL 82 + cor0.col1 FROM tab1 AS cor0 GROUP BY cor0.col1
----
126
139
88

query I rowsort
SELECT cor0.col2 + + cor0.col2 FROM tab1 AS cor0 GROUP BY cor0.col2
----
142
16
90

query I rowsort
SELECT col2 * - cor0.col2 FROM tab2 AS cor0 GROUP BY cor0.col2
----
4294959727
4294961055
4294963932

query I rowsort
SELECT + 54 + + 95 FROM tab0 AS cor0 GROUP BY col0
----
149
149
149

query I rowsort
SELECT ALL - 57 FROM tab2 AS cor0 GROUP BY col1
----
4294967239
4294967239
4294967239

query I rowsort
SELECT - ( + cor0.col2 ) AS col2 FROM tab1 AS cor0 GROUP BY cor0.col0, cor0.col2, col0, cor0.col1
----
4294967225
4294967251
4294967288

query I rowsort
SELECT + col0 FROM tab2 AS cor0 GROUP BY col1, col0, cor0.col0
----
15
91
92

query I rowsort
SELECT + 89 FROM tab2, tab2 cor0 GROUP BY cor0.col0
----
89
89
89

query I rowsort
SELECT ALL - cor0.col1 AS col2 FROM tab0, tab2 cor0 GROUP BY cor0.col1
----
4294967235
4294967237
4294967255

query I rowsort
SELECT ALL - 21 AS col2 FROM tab0, tab0 cor0, tab1 AS cor1 GROUP BY cor0.col2
----
4294967275
4294967275
4294967275

query I rowsort
SELECT - 63 AS col0 FROM tab2 cor0 GROUP BY cor0.col0
----
4294967233
4294967233
4294967233

query I rowsort
SELECT 68 FROM tab2 AS cor0 GROUP BY cor0.col2
----
68
68
68

onlyif mysql # DIV for integer division:
query I rowsort label-112
SELECT - cor0.col1 DIV + 53 AS col1 FROM tab2 AS cor0 GROUP BY cor0.col1, cor0.col0
----
0
4294967295
4294967295

query I rowsort
SELECT 79 AS col0 FROM tab2 AS cor0 GROUP BY cor0.col0, cor0.col0
----
79
79
79

query I rowsort
SELECT + 70 FROM tab0 AS cor0 GROUP BY col0
----
70
70
70

query I rowsort
SELECT 36 AS col0 FROM tab0 AS cor0 GROUP BY cor0.col1
----
36
36

skipif postgresql # PostgreSQL requires AS when renaming output columns
query I rowsort
SELECT 95 col1 FROM tab1 AS cor0 GROUP BY cor0.col2, cor0.col1
----
95
95
95

query I rowsort
SELECT - + 53 + + 10 AS col2 FROM tab0, tab1 AS cor0, tab1 AS cor1 GROUP BY tab0.col2
----
4294967253
4294967253
4294967253

query I rowsort
SELECT + 16 FROM tab1 AS cor0 GROUP BY cor0.col1
----
16
16
16

query I rowsort
SELECT 82 AS col1 FROM tab1 AS cor0 GROUP BY cor0.col1, cor0.col1
----
82
82
82

skipif postgresql # PostgreSQL requires AS when renaming output columns
query I rowsort
SELECT ALL cor0.col2 + cor0.col2 * 33 col2 FROM tab2 cor0 GROUP BY cor0.col2
----
1972
2686
2958

query I rowsort
SELECT + 24 AS col0 FROM tab2 AS cor0 GROUP BY cor0.col2
----
24
24
24

query I rowsort
SELECT + 25 FROM tab1 AS cor0 GROUP BY cor0.col0
----
25
25
25

query I rowsort
SELECT - tab1.col0 FROM tab1 GROUP BY tab1.col0
----
4294967214
4294967268
4294967274

onlyif mysql # DIV for integer division:
query I rowsort label-128
SELECT + 87 DIV + 58 AS col0 FROM tab1 AS cor0 GROUP BY col2
----
1
1
1

query I rowsort
SELECT ALL + cor0.col1 - + ( cor0.col1 ) FROM tab2 AS cor0 GROUP BY cor0.col1
----
0
0
0

query I rowsort
SELECT ALL cor0.col2 * - 22 AS col1 FROM tab0 AS cor0 GROUP BY cor0.col2, cor0.col1
----
4294965558
4294966460
4294966768

query I rowsort
SELECT + 22 AS col2 FROM tab1 AS cor0 GROUP BY cor0.col2
----
22
22
22

query I rowsort
SELECT cor0.col2 * + cor0.col2 + + 98 FROM tab0 AS cor0 GROUP BY cor0.col2
----
1542
6339
674

query I rowsort
SELECT + 85 AS col1 FROM tab2 AS cor0 GROUP BY cor0.col2, cor0.col0
----
85
85
85

query I rowsort
SELECT - 54 AS col2 FROM tab2 AS cor0 GROUP BY cor0.col0
----
4294967242
4294967242
4294967242

query I rowsort
SELECT 43 FROM tab0 AS cor0 GROUP BY cor0.col2
----
43
43
43

query I rowsort
SELECT 77 + - cor0.col0 - 97 AS col0 FROM tab0 cor0 GROUP BY cor0.col0
----
4294967193
4294967233
4294967250

query I rowsort
SELECT - 63 FROM tab2 AS cor0 GROUP BY cor0.col2
----
4294967233
4294967233
4294967233

query I rowsort
SELECT 90 AS col0 FROM tab0 AS cor0 GROUP BY cor0.col2
----
90
90
90

query I rowsort
SELECT + 70 FROM tab1 AS cor0 GROUP BY cor0.col1
----
70
70
70

query I rowsort
SELECT - 81 AS col1 FROM tab2 AS cor0 CROSS JOIN tab0 AS cor1 GROUP BY cor1.col1
----
4294967215
4294967215

query I rowsort
SELECT - 8 AS col1 FROM tab1 cor0 GROUP BY cor0.col2, col1
----
4294967288
4294967288
4294967288

query I rowsort
SELECT - 65 * - cor0.col2 FROM tab1 AS cor0 GROUP BY cor0.col2
----
2925
4615
520

query I rowsort
SELECT ALL - + 33 * 80 FROM tab2, tab1 AS cor0 GROUP BY tab2.col1
----
4294964656
4294964656
4294964656

query I rowsort
SELECT - cor0.col2 + - 50 - - 79 AS col1 FROM tab1 AS cor0 GROUP BY col2
----
21
4294967254
4294967280

onlyif mysql # CAST syntax: INT type:
query I rowsort label-164
SELECT ALL - CAST( 29 AS INT ) + + 78 AS col2 FROM tab2 AS cor0 GROUP BY cor0.col0
----
49
49
49

query I rowsort
SELECT + cor0.col1 AS col2 FROM tab1 AS cor0 GROUP BY cor0.col1, cor0.col2
----
44
57
6

query I rowsort
SELECT ALL 79 FROM tab2 AS cor0 CROSS JOIN tab2 AS cor1 GROUP BY cor1.col0
----
79
79
79

query I rowsort
SELECT ALL - cor0.col1 + 52 AS col2 FROM tab0 AS cor0 GROUP BY cor0.col1, cor0.col2
----
4294967267
52
52

query I rowsort
SELECT 74 FROM tab1, tab1 AS cor0 GROUP BY tab1.col2
----
74
74
74

query I rowsort
SELECT 75 FROM tab0 AS cor0 GROUP BY cor0.col1
----
75
75

query I rowsort
SELECT ALL - 35 AS col2 FROM tab0 GROUP BY tab0.col2
----
4294967261
4294967261
4294967261

query I rowsort
SELECT + 35 FROM tab1 AS cor0 GROUP BY cor0.col2, cor0.col2, cor0.col0, cor0.col0
----
35
35
35

skipif postgresql # PostgreSQL requires AS when renaming output columns
query I rowsort
SELECT 75 col2 FROM tab1 AS cor0 GROUP BY col1
----
75
75
75

query I rowsort
SELECT ( + col1 ) FROM tab2 AS cor0 GROUP BY cor0.col1
----
41
59
61

query I rowsort
SELECT cor0.col2 + - ( + cor0.col2 ) FROM tab0 AS cor0 GROUP BY cor0.col2
----
0
0
0

query I rowsort
SELECT ALL cor0.col2 * - cor0.col1 FROM tab1 AS cor0 GROUP BY cor0.col2, cor0.col1
----
4294964172
4294964731
4294967248

query I rowsort
SELECT 52 AS col0 FROM tab1 AS cor0 GROUP BY cor0.col0
----
52
52
52

query I rowsort
SELECT ALL 25 FROM tab0 AS cor0 GROUP BY cor0.col1
----
25
25

query I rowsort
SELECT ALL - 58 FROM tab2 cor0 GROUP BY col2
----
4294967238
4294967238
4294967238

query I rowsort
SELECT ALL - 73 AS col0 FROM tab1 GROUP BY tab1.col1
----
4294967223
4294967223
4294967223

skipif postgresql # PostgreSQL requires AS when renaming output columns
query I rowsort
SELECT ALL 96 col0 FROM tab1 AS cor0 GROUP BY cor0.col0
----
96
96
96

skipif postgresql # PostgreSQL requires AS when renaming output columns
query I rowsort
SELECT + cor0.col2 * 37 + - cor0.col2 * 16 col1 FROM tab1 AS cor0 GROUP BY cor0.col1, cor0.col2
----
1491
168
945

query I rowsort
SELECT - 82 * cor0.col0 FROM tab1 AS cor0 GROUP BY cor0.col0
----
4294960572
4294965000
4294965492

skipif postgresql # PostgreSQL requires AS when renaming output columns
query I rowsort
SELECT 66 + - 80 * col2 col2 FROM tab0 AS cor0 GROUP BY cor0.col2
----
4294961042
4294964322
4294965442

query I rowsort
SELECT - cor0.col0 * - NULLIF ( - cor0.col0, - cor0.col1 * cor0.col0 ) + 45 + + 38 * + cor0.col0 AS col1 FROM tab1 cor0 GROUP BY cor0.col0, col1
----
325
397
4294963733

query I rowsort
SELECT ( cor0.col2 ) FROM tab1 AS cor0 GROUP BY cor0.col1, cor0.col2
----
45
71
8

onlyif mysql # DIV for integer division:
query I rowsort label-206
SELECT - cor0.col0 DIV ( - cor0.col0 ) + + cor0.col0 + - 59 FROM tab2 AS cor0 GROUP BY cor0.col0, cor0.col2
----
33
34
4294967253

query I rowsort
SELECT ALL ( - 11 ) AS col0 FROM tab0 AS cor0 GROUP BY cor0.col0
----
4294967285
4294967285
4294967285

query I rowsort
SELECT + cor0.col2 FROM tab0 cor0 GROUP BY col2
----
24
38
79

query I rowsort
SELECT - 76 FROM tab0 cor0 GROUP BY cor0.col0
----
4294967220
4294967220
4294967220

query I rowsort
SELECT ALL - COALESCE ( 78, cor0.col2 ) FROM tab2 AS cor0 GROUP BY cor0.col2
----
4294967218
4294967218
4294967218

query I rowsort
SELECT - 81 AS col2 FROM tab0, tab1 AS cor0 GROUP BY cor0.col0
----
4294967215
4294967215
4294967215

skipif postgresql # PostgreSQL requires AS when renaming output columns
query I rowsort
SELECT ALL + + 98 col0 FROM tab1 GROUP BY col1
----
98
98
98

query I rowsort
SELECT - 1 AS col2 FROM tab1 AS cor0 GROUP BY cor0.col0, cor0.col2, cor0.col2
----
4294967295
4294967295
4294967295

query I rowsort
SELECT ALL + 63 FROM tab0 cor0 GROUP BY cor0.col0, col2
----
63
63
63

query I rowsort
SELECT - 20 FROM tab0 AS cor0 GROUP BY cor0.col0, cor0.col1
----
4294967276
4294967276
4294967276

skipif postgresql # PostgreSQL requires AS when renaming output columns
query I rowsort
SELECT ALL cor0.col1 + + 58 * cor0.col1 col0 FROM tab1 AS cor0 GROUP BY cor0.col1
----
2596
3363
354

skipif postgresql # PostgreSQL requires AS when renaming output columns
query I rowsort
SELECT + 39 col0 FROM tab1 AS cor0 GROUP BY cor0.col0
----
39
39
39

onlyif mysql # DIV for integer division:
query I rowsort label-232
SELECT - cor0.col1 DIV 53 AS col2 FROM tab1 AS cor0 GROUP BY cor0.col1
----
0
0
4294967295

query I rowsort
SELECT + 17 FROM tab0 GROUP BY tab0.col1
----
17
17

onlyif mysql # DIV for integer division:
query I rowsort label-234
SELECT - 23 DIV + cor0.col2 AS col1 FROM tab1 AS cor0 GROUP BY cor0.col2
----
0
0
4294967294

query I rowsort
SELECT ALL 61 AS col2 FROM tab0 cor0 GROUP BY cor0.col0
----
61
61
61

query I rowsort
SELECT ALL 89 FROM tab0 AS cor0 GROUP BY cor0.col0
----
89
89
89

query I rowsort
SELECT - + 49 AS col0 FROM tab0 GROUP BY tab0.col0
----
4294967247
4294967247
4294967247

query I rowsort
SELECT 54 AS col1 FROM tab2 GROUP BY tab2.col0
----
54
54
54

query I rowsort
SELECT col0 + - cor0.col0 AS col2 FROM tab0 AS cor0 GROUP BY cor0.col0
----
0
0
0

query I rowsort
SELECT ALL - 54 FROM tab0 AS cor0 GROUP BY col2
----
4294967242
4294967242
4294967242

query I rowsort
SELECT ALL 39 + cor0.col0 AS col2 FROM tab0 AS cor0 GROUP BY cor0.col0
----
122
65
82

query I rowsort
SELECT ALL + 42 * cor0.col1 AS col0 FROM tab2 AS cor0 GROUP BY cor0.col1
----
1722
2478
2562

query I rowsort
SELECT + 96 + 26 FROM tab1 AS cor0 GROUP BY col0, cor0.col1
----
122
122
122

query I rowsort
SELECT - cor0.col2 + NULLIF ( 85, - 68 ) FROM tab0 AS cor0 GROUP BY cor0.col2
----
47
6
61

query I rowsort
SELECT col0 + + 14 * + 98 FROM tab0 AS cor0 GROUP BY col0
----
1398
1415
1455

query I rowsort
SELECT 67 AS col2 FROM tab2 AS cor0 GROUP BY cor0.col0, cor0.col2
----
67
67
67

query I rowsort
SELECT 94 FROM tab0 AS cor0 GROUP BY cor0.col0
----
94
94
94

query I rowsort
SELECT 22 FROM tab1 AS cor0 GROUP BY cor0.col1
----
22
22
22

query I rowsort
SELECT 64 FROM tab0 GROUP BY tab0.col2
----
64
64
64

query I rowsort
SELECT ALL 6 AS col0 FROM tab0 AS cor0 GROUP BY col2
----
6
6
6

query I rowsort
SELECT - cor0.col2 + - cor0.col0 FROM tab1 AS cor0 GROUP BY cor0.col2, cor0.col0
----
4294967143
4294967223
4294967266

query I rowsort
SELECT ALL + col2 FROM tab1 AS cor0 GROUP BY cor0.col2, cor0.col0
----
45
71
8

query I rowsort
SELECT - 50 - - cor0.col1 FROM tab1 AS cor0 GROUP BY cor0.col1
----
4294967252
4294967290
7

query I rowsort
SELECT ALL + 74 FROM tab0 AS cor0 GROUP BY cor0.col1
----
74
74

query I rowsort
SELECT ALL + 32 AS col1 FROM tab1 AS cor0 GROUP BY cor0.col2
----
32
32
32

skipif postgresql # PostgreSQL requires AS when renaming output columns
query I rowsort
SELECT + cor0.col2 col0 FROM tab1 cor0 GROUP BY col2
----
45
71
8

skipif postgresql # PostgreSQL requires AS when renaming output columns
query I rowsort
SELECT - cor0.col0 col0 FROM tab1 AS cor0 GROUP BY cor0.col0
----
4294967214
4294967268
4294967274

query I rowsort
SELECT ALL cor0.col1 AS col1 FROM tab0 AS cor0 GROUP BY cor0.col2, cor0.col1
----
0
0
81

query I rowsort
SELECT ( + cor0.col2 ) AS col0 FROM tab1 cor0 GROUP BY cor0.col2, cor0.col1, cor0.col2
----
45
71
8

skipif postgresql # PostgreSQL requires AS when renaming output columns
query I rowsort
SELECT + cor0.col1 * + col1 col2 FROM tab2 AS cor0 GROUP BY cor0.col2, col1
----
1681
3481
3721

query I rowsort
SELECT ALL 46 FROM tab0 AS cor0 GROUP BY cor0.col1
----
46
46

query I rowsort
SELECT + + 17 AS col1 FROM tab1 GROUP BY tab1.col2
----
17
17
17

skipif postgresql # PostgreSQL requires AS when renaming output columns
query I rowsort
SELECT col2 + 54 * + cor0.col2 col1 FROM tab1 AS cor0 GROUP BY cor0.col2
----
2475
3905
440

query I rowsort
SELECT ALL - 39 FROM tab1 AS cor0 GROUP BY cor0.col0
----
4294967257
4294967257
4294967257

query I rowsort
SELECT ALL cor0.col1 FROM tab2 AS cor0 GROUP BY cor0.col0, cor0.col1
----
41
59
61

onlyif mysql # DIV for integer division:
query I rowsort label-292
SELECT ALL + 67 + 36 - col1 DIV - 75 FROM tab1 AS cor0 GROUP BY cor0.col1
----
103
103
103

query I rowsort
SELECT ALL - col1 + cor0.col1 FROM tab0 AS cor0 GROUP BY cor0.col1, col1
----
0
0

query I rowsort
SELECT 34 * cor0.col0 FROM tab0 AS cor0 GROUP BY cor0.col0
----
1462
2822
884

query I rowsort
SELECT - 24 + + cor0.col1 + 45 FROM tab1 AS cor0 GROUP BY cor0.col1
----
27
65
78

skipif postgresql # PostgreSQL requires AS when renaming output columns
query I rowsort
SELECT ALL cor0.col0 * + 45 + 14 col1 FROM tab2, tab2 AS cor0 GROUP BY cor0.col0
----
4109
4154
689

query I rowsort
SELECT + cor0.col1 + - cor0.col2 * cor0.col2 FROM tab2 AS cor0 GROUP BY col1, cor0.col2
----
4294959788
4294961114
4294963973

query I rowsort
SELECT 88 AS col0 FROM tab2 AS cor0 GROUP BY cor0.col2
----
88
88
88

query I rowsort
SELECT - col1 * - ( + 21 ) AS col2 FROM tab1 GROUP BY tab1.col1
----
1197
126
924

query I rowsort
SELECT + cor0.col2 + col2 AS col1 FROM tab2 AS cor0 GROUP BY cor0.col2, cor0.col2
----
116
158
174

query I rowsort
SELECT ALL + cor0.col0 + cor0.col0 * 30 AS col2 FROM tab1 AS cor0 GROUP BY cor0.col0, col2
----
2542
682
868

onlyif mysql # DIV for integer division:
query I rowsort label-312
SELECT cor0.col0 DIV cor0.col0 col0 FROM tab0 AS cor0 GROUP BY cor0.col0, cor0.col1, cor0.col2
----
1
1
1

query I rowsort
SELECT cor0.col2 FROM tab2 AS cor0 CROSS JOIN tab1 AS cor1 GROUP BY cor0.col2
----
58
79
87

query I rowsort
SELECT ALL - 89 * cor0.col2 FROM tab0 AS cor0 GROUP BY cor0.col1, cor0.col2
----
4294960265
4294963914
4294965160

skipif postgresql # PostgreSQL requires AS when renaming output columns
query I rowsort
SELECT ALL + 58 col0 FROM tab1 AS cor0 GROUP BY cor0.col0
----
58
58
58

query I rowsort
SELECT - 58 AS col0 FROM tab1 AS cor0 GROUP BY cor0.col0, cor0.col1
----
4294967238
4294967238
4294967238

onlyif mysql # DIV for integer division:
query I rowsort label-317
SELECT - tab2.col2 DIV 87 AS col0 FROM tab2 GROUP BY col2
----
0
0
4294967295

query I rowsort
SELECT + COALESCE ( 46 + + cor0.col1, NULLIF ( 22, cor0.col1 ) ) FROM tab1 cor0 GROUP BY cor0.col1, cor0.col1
----
103
52
90

query I rowsort
SELECT 79 FROM tab0 AS cor0 GROUP BY cor0.col2
----
79
79
79

query I rowsort
SELECT 59 AS col1 FROM tab0, tab0 AS cor0 GROUP BY tab0.col2
----
59
59
59

query I rowsort
SELECT ALL cor0.col2 + cor0.col0 * - 41 FROM tab1 AS cor0 GROUP BY cor0.col0, cor0.col2
----
4294964005
4294966193
4294966402

query I rowsort
SELECT ALL cor0.col2 + col2 * ( - cor0.col0 ) AS col0 FROM tab1 AS cor0 GROUP BY cor0.col0, cor0.col2
----
4294961545
4294966081
4294967128

query I rowsort
SELECT ALL + cor0.col2 FROM tab0 cor0 GROUP BY cor0.col2, cor0.col2
----
24
38
79

onlyif mysql # DIV for integer division:
query I rowsort label-327
SELECT ALL 27 DIV + cor0.col2 - 75 FROM tab0 AS cor0 GROUP BY col2, col1
----
4294967221
4294967221
4294967222

onlyif mysql # DIV for integer division:
query I rowsort label-328
SELECT - + tab2.col0 + tab2.col0 DIV + tab2.col0 + 30 FROM tab2 GROUP BY tab2.col0
----
16
4294967235
4294967236

query I rowsort
SELECT - ( 87 ) FROM tab2 GROUP BY col2
----
4294967209
4294967209
4294967209

skipif postgresql # PostgreSQL requires AS when renaming output columns
query I rowsort
SELECT 33 + + 18 + cor0.col0 col1 FROM tab2 AS cor0 GROUP BY col0
----
142
143
66

query I rowsort
SELECT + cor0.col2 + + 42 * cor0.col2 FROM tab2 AS cor0 GROUP BY cor0.col2
----
2494
3397
3741

query I rowsort
SELECT ALL - ( + 53 ) AS col2 FROM tab2, tab2 AS cor0 GROUP BY cor0.col1
----
4294967243
4294967243
4294967243

query I rowsort
SELECT 71 AS col0 FROM tab1 GROUP BY tab1.col0
----
71
71
71

query I rowsort
SELECT ALL 44 AS col2 FROM tab2 AS cor0 GROUP BY cor0.col2
----
44
44
44

skipif postgresql # PostgreSQL requires AS when renaming output columns
query I rowsort
SELECT 16 col2 FROM tab1 AS cor0 GROUP BY col1
----
16
16
16

query I rowsort
SELECT + col0 * ( + cor0.col0 ) FROM tab0 AS cor0 GROUP BY cor0.col0
----
1849
676
6889

query I rowsort
SELECT - cor0.col2 * cor0.col2 * - 9 AS col0 FROM tab2 AS cor0 GROUP BY cor0.col2
----
30276
56169
68121

query I rowsort
SELECT + 55 AS col1 FROM tab0 AS cor0 CROSS JOIN tab1 AS cor1 GROUP BY cor1.col1
----
55
55
55

query I rowsort
SELECT ALL 26 FROM tab1 cor0 GROUP BY cor0.col0
----
26
26
26

query I rowsort
SELECT - - 41 AS col2 FROM tab0, tab1 AS cor0, tab0 AS cor1 GROUP BY cor1.col2
----
41
41
41

query I rowsort
SELECT ALL + cor0.col0 * - cor0.col0 AS col1 FROM tab2 AS cor0 GROUP BY cor0.col0
----
4294958832
4294959015
4294967071

query I rowsort
SELECT 18 FROM tab1 AS cor0 GROUP BY cor0.col0
----
18
18
18

skipif postgresql # PostgreSQL requires AS when renaming output columns
query I rowsort
SELECT 11 + + cor0.col1 col1 FROM tab1 AS cor0 GROUP BY cor0.col1
----
17
55
68

query I rowsort
SELECT ALL 58 FROM tab2 AS cor0 GROUP BY col1
----
58
58
58

skipif postgresql # PostgreSQL requires AS when renaming output columns
query I rowsort
SELECT ALL - 14 col1 FROM tab1 cor0 GROUP BY cor0.col1
----
4294967282
4294967282
4294967282

query I rowsort
SELECT ALL - cor0.col0 - - cor0.col0 AS col1 FROM tab1 cor0 GROUP BY cor0.col0, cor0.col1
----
0
0
0

query I rowsort
SELECT 15 FROM tab1, tab1 AS cor0 GROUP BY tab1.col1
----
15
15
15

query I rowsort
SELECT 41 + 49 AS col1 FROM tab1 AS cor0 GROUP BY cor0.col1
----
90
90
90

query I rowsort
SELECT NULLIF ( col2, + 5 ) + cor0.col0 AS col1 FROM tab0 AS cor0 GROUP BY cor0.col2, col0
----
105
121
67

query I rowsort
SELECT ALL + cor0.col2 * + 53 FROM tab2 cor0 GROUP BY cor0.col2
----
3074
4187
4611

query I rowsort
SELECT + 79 + - 36 FROM tab0 AS cor0 GROUP BY cor0.col0
----
43
43
43

query I rowsort
SELECT ALL - ( cor0.col1 ) AS col0 FROM tab0 AS cor0 GROUP BY cor0.col1
----
0
4294967215

query I rowsort
SELECT + + 26 AS col1 FROM tab2, tab1 AS cor0 GROUP BY tab2.col0
----
26
26
26

query I rowsort
SELECT ALL + NULLIF ( + 62, + cor0.col0 ) AS col2 FROM tab2 AS cor0 GROUP BY cor0.col0
----
62
62
62

query I rowsort
SELECT 23 AS col1 FROM tab2, tab1 AS cor0, tab1 AS cor1 GROUP BY cor1.col1
----
23
23
23

query I rowsort
SELECT - cor0.col2 + + cor0.col2 FROM tab1 AS cor0 GROUP BY cor0.col2, cor0.col0
----
0
0
0

query I rowsort
SELECT cor0.col1 - cor0.col2 AS col2 FROM tab1 cor0 GROUP BY col2, col1
----
12
4294967269
4294967294

query I rowsort
SELECT ALL 47 + + 7 FROM tab1 AS cor0 GROUP BY cor0.col2
----
54
54
54

query I rowsort
SELECT + + 60 + - cor0.col1 AS col1 FROM tab0, tab1 AS cor0 GROUP BY cor0.col1
----
16
3
54

onlyif mysql # DIV for integer division:
query I rowsort label-382
SELECT ALL cor0.col0 DIV 60 col1 FROM tab2 AS cor0 GROUP BY cor0.col0
----
0
1
1

skipif postgresql # PostgreSQL requires AS when renaming output columns
query I rowsort
SELECT + NULLIF ( cor0.col1, + cor0.col0 ) + + cor0.col1 * 44 col2 FROM tab0 AS cor0 GROUP BY cor0.col0, cor0.col1
----
0
0
3645

query I rowsort
SELECT ALL - 92 AS col1 FROM tab2, tab2 cor0 GROUP BY tab2.col0
----
4294967204
4294967204
4294967204

query I rowsort
SELECT 13 FROM tab2 AS cor0 GROUP BY cor0.col2
----
13
13
13

query I rowsort
SELECT cor0.col2 + + 96 FROM tab1 AS cor0 GROUP BY cor0.col2
----
104
141
167

skipif postgresql # PostgreSQL requires AS when renaming output columns
query I rowsort
SELECT ALL 47 col0 FROM tab0 AS cor0 GROUP BY cor0.col2, cor0.col2
----
47
47
47

query I rowsort
SELECT 76 AS col1 FROM tab2 AS cor0 GROUP BY cor0.col2, cor0.col1
----
76
76
76

query I rowsort
SELECT 52 FROM tab1 AS cor0 CROSS JOIN tab2 AS cor1 GROUP BY cor0.col1
----
52
52
52

query I rowsort
SELECT + cor0.col0 + 71 FROM tab1 AS cor0 GROUP BY cor0.col0
----
153
93
99

query I rowsort
SELECT ALL cor0.col2 - - cor0.col2 * - 52 FROM tab0 AS cor0 GROUP BY cor0.col2
----
4294963267
4294965358
4294966072

query I rowsort
SELECT ALL 97 FROM tab0 GROUP BY tab0.col0
----
97
97
97

query I rowsort
SELECT ALL + 81 FROM tab0 AS cor0 GROUP BY col2
----
81
81
81

skipif postgresql # PostgreSQL requires AS when renaming output columns
query I rowsort
SELECT + NULLIF ( + 29, - cor0.col0 ) + cor0.col0 col1 FROM tab1 AS cor0 GROUP BY col0
----
111
51
57

query I rowsort
SELECT 76 AS col0 FROM tab1 AS cor0 GROUP BY cor0.col1
----
76
76
76

query I rowsort
SELECT - 67 FROM tab2 AS cor0 GROUP BY cor0.col1
----
4294967229
4294967229
4294967229

query I rowsort
SELECT 25 * - 7 FROM tab0 AS cor0 GROUP BY cor0.col1, col2
----
4294967121
4294967121
4294967121

query I rowsort
SELECT + - 70 - 26 AS col0 FROM tab0, tab0 AS cor0, tab0 AS cor1 GROUP BY cor0.col1
----
4294967200
4294967200

query I rowsort
SELECT ALL + - tab0.col2 AS col2 FROM tab0 GROUP BY col2
----
4294967217
4294967258
4294967272

query I rowsort
SELECT 98 FROM tab2 AS cor0 GROUP BY cor0.col2
----
98
98
98

onlyif mysql # CAST syntax: INT type:
query I rowsort label-430
SELECT + CAST( + 82 AS INT ) col0 FROM tab2 AS cor0 GROUP BY cor0.col2
----
82
82
82

query I rowsort
SELECT + + 64 AS col2 FROM tab0 GROUP BY tab0.col1
----
64
64

query I rowsort
SELECT + + 86 * cor0.col1 FROM tab0, tab2 cor0 GROUP BY cor0.col1
----
3526
5074
5246

skipif postgresql # PostgreSQL requires AS when renaming output columns
query I rowsort
SELECT + 94 col2 FROM tab1 AS cor0 GROUP BY col1
----
94
94
94

query I rowsort
SELECT tab2.col2 + + col2 * - 80 AS col1 FROM tab2 GROUP BY tab2.col2
----
4294960423
4294961055
4294962714

query I rowsort
SELECT - ( + col2 ) FROM tab2 GROUP BY col2
----
4294967209
4294967217
4294967238

query I rowsort
SELECT ALL - cor1.col1 * - cor1.col1 FROM tab0, tab2 AS cor0, tab0 AS cor1 GROUP BY cor1.col1
----
0
6561

query I rowsort
SELECT 82 FROM tab2 cor0 GROUP BY cor0.col2
----
82
82
82

query I rowsort
SELECT ALL - 8 AS col2 FROM tab2 AS cor0 GROUP BY cor0.col2
----
4294967288
4294967288
4294967288

query I rowsort
SELECT ALL 2 * ( - cor0.col0 + cor0.col0 * cor0.col0 ) FROM tab2 AS cor0 GROUP BY cor0.col0
----
16380
16744
420

query I rowsort
SELECT ALL cor0.col1 - + ( - 55 ) FROM tab2 AS cor0 GROUP BY cor0.col1, cor0.col2
----
114
116
96

skipif postgresql # PostgreSQL requires AS when renaming output columns
query I rowsort
SELECT - 34 col2 FROM tab1 AS cor0 GROUP BY cor0.col0, cor0.col2, cor0.col2
----
4294967262
4294967262
4294967262

query I rowsort
SELECT col0 + 97 AS col2 FROM tab0 AS cor0 GROUP BY cor0.col0
----
123
140
180

query I rowsort
SELECT ALL col0 + - col0 FROM tab0 AS cor0 GROUP BY cor0.col0
----
0
0
0

query I rowsort
SELECT + cor0.col1 * + cor0.col1 AS col2 FROM tab2 cor0 GROUP BY cor0.col1
----
1681
3481
3721

query I rowsort
SELECT + 10 + tab0.col0 FROM tab0 GROUP BY tab0.col0
----
36
53
93

query I rowsort
SELECT 74 - - 30 * + cor0.col2 AS col0 FROM tab1 AS cor0 GROUP BY cor0.col2, cor0.col0
----
1424
2204
314

query I rowsort
SELECT + 2 AS col0 FROM tab1 AS cor0 GROUP BY cor0.col0
----
2
2
2

query I rowsort
SELECT col2 AS col0 FROM tab2 AS cor0 GROUP BY col2
----
58
79
87

query I rowsort
SELECT ALL + cor0.col0 FROM tab2 cor0 GROUP BY col0
----
15
91
92

query I rowsort
SELECT - cor0.col0 - + ( - cor0.col2 ) FROM tab0 AS cor0 GROUP BY cor0.col0, cor0.col2
----
4294967251
4294967277
53

query I rowsort
SELECT 70 AS col0 FROM tab1 AS cor0 GROUP BY cor0.col0
----
70
70
70

query I rowsort
SELECT + 1 AS col1 FROM tab0 AS cor0 GROUP BY cor0.col0
----
1
1
1

query I rowsort
SELECT ALL 22 AS col1 FROM tab1 AS cor0 GROUP BY cor0.col0
----
22
22
22

query I rowsort
SELECT col2 * - 23 FROM tab1 AS cor0 GROUP BY cor0.col2
----
4294965663
4294966261
4294967112

onlyif mysql # DIV for integer division:
query I rowsort label-480
SELECT ALL cor0.col0 - - cor0.col0 DIV - 79 AS col2 FROM tab2 cor0 GROUP BY cor0.col0
----
15
90
91

query I rowsort
SELECT - 80 AS col2 FROM tab1 AS cor0 GROUP BY cor0.col0
----
4294967216
4294967216
4294967216

query I rowsort
SELECT 30 * - cor0.col2 + cor0.col2 AS col2 FROM tab1 AS cor0 GROUP BY cor0.col0, cor0.col2
----
4294965237
4294965991
4294967064

query I rowsort
SELECT - col1 * - 24 FROM tab1 AS cor0 GROUP BY cor0.col1, col1
----
1056
1368
144

query I rowsort
SELECT cor0.col1 + - cor0.col2 + cor0.col1 * cor0.col1 AS col2 FROM tab1 AS cor0 GROUP BY col2, cor0.col1
----
1909
3261
34

query I rowsort
SELECT 66 FROM tab1 GROUP BY tab1.col0
----
66
66
66

query I rowsort
SELECT - 19 * cor0.col1 AS col0 FROM tab0 AS cor0 GROUP BY cor0.col1
----
0
4294965757

query I rowsort
SELECT - cor0.col0 * - 38 + col0 AS col0 FROM tab2 AS cor0 GROUP BY cor0.col0
----
3549
3588
585

query I rowsort
SELECT 75 FROM tab2 cor0 GROUP BY cor0.col0
----
75
75
75

query I rowsort
SELECT 63 * col2 AS col2 FROM tab0 AS cor0 GROUP BY cor0.col2
----
1512
2394
4977

query I rowsort
SELECT ALL + 99 FROM tab2 cor0 GROUP BY cor0.col2
----
99
99
99

skipif postgresql # PostgreSQL requires AS when renaming output columns
query I rowsort
SELECT - 3 * cor0.col2 col1 FROM tab0 AS cor0 GROUP BY cor0.col2
----
4294967059
4294967182
4294967224

query I rowsort
SELECT ALL + 15 AS col0 FROM tab1 AS cor0 GROUP BY col1
----
15
15
15

query I rowsort
SELECT 43 FROM tab1 AS cor0 GROUP BY col2
----
43
43
43

onlyif mysql # DIV for integer division:
query I rowsort label-508
SELECT - 54 DIV col1 AS col2 FROM tab2 AS cor0 GROUP BY cor0.col1
----
0
0
4294967295

query I rowsort
SELECT ALL + 51 FROM tab2 AS cor0 GROUP BY cor0.col1
----
51
51
51

onlyif mysql # DIV for integer division:
query I rowsort label-512
SELECT ALL tab1.col0 DIV - tab1.col0 AS col0 FROM tab1 GROUP BY tab1.col0
----
4294967295
4294967295
4294967295

query I rowsort
SELECT ALL + 42 AS col2 FROM tab1, tab1 AS cor0 GROUP BY cor0.col1
----
42
42
42

query I rowsort
SELECT ALL + 92 AS col0 FROM tab0 AS cor0 GROUP BY cor0.col2
----
92
92
92

query I rowsort
SELECT - 13 FROM tab2 cor0 GROUP BY cor0.col0
----
4294967283
4294967283
4294967283

query I rowsort
SELECT ALL 69 FROM tab0 AS cor0 GROUP BY col2, cor0.col0
----
69
69
69

skipif postgresql # PostgreSQL requires AS when renaming output columns
query I rowsort
SELECT + 3 col1 FROM tab2 AS cor0 GROUP BY cor0.col0, cor0.col1
----
3
3
3

query I rowsort
SELECT ALL + COALESCE ( 93, - cor0.col0 ) + + 91 FROM tab2 AS cor0 GROUP BY cor0.col2, cor0.col0
----
184
184
184

query I rowsort
SELECT + ( - col0 ) + - 67 FROM tab1 AS cor0 GROUP BY cor0.col0
----
4294967147
4294967201
4294967207

query I rowsort
SELECT ALL cor0.col0 * - 7 FROM tab0 AS cor0 GROUP BY cor0.col0
----
4294966715
4294966995
4294967114

query I rowsort
SELECT - tab1.col1 AS col2 FROM tab1 GROUP BY col1
----
4294967239
4294967252
4294967290

query I rowsort
SELECT + 47 FROM tab2 cor0 GROUP BY cor0.col0
----
47
47
47

query I rowsort
SELECT ( + 52 ) FROM tab1 GROUP BY tab1.col0
----
52
52
52

onlyif mysql # DIV for integer division:
query I rowsort label-527
SELECT - 75 * cor0.col2 + 77 DIV - cor0.col2 - - cor0.col2 AS col0 FROM tab2 AS cor0 GROUP BY cor0.col2
----
4294960858
4294961450
4294963003

onlyif mysql # CAST syntax: INT type:
query I rowsort label-528
SELECT ALL 87 * cor0.col0 * CAST( 10 AS INT ) FROM tab1 AS cor0 GROUP BY cor0.col0
----
19140
24360
71340

query I rowsort
SELECT - 21 AS col0 FROM tab2 AS cor0 GROUP BY cor0.col2
----
4294967275
4294967275
4294967275

onlyif mysql # DIV for integer division:
query I rowsort label-530
SELECT ALL - 88 DIV cor0.col2 FROM tab1 AS cor0 GROUP BY cor0.col2
----
4294967285
4294967295
4294967295

query I rowsort
SELECT + 22 FROM tab0 AS cor0 GROUP BY cor0.col2
----
22
22
22

query I rowsort
SELECT ALL 16 FROM tab1 AS cor0 GROUP BY col0
----
16
16
16

query I rowsort
SELECT - 73 FROM tab1 AS cor0 GROUP BY cor0.col1
----
4294967223
4294967223
4294967223

query I rowsort
SELECT 90 FROM tab2 AS cor0 GROUP BY col2
----
90
90
90

query I rowsort
SELECT ALL 76 AS col0 FROM tab2 cor0 GROUP BY cor0.col1
----
76
76
76

query I rowsort
SELECT + 31 FROM tab2 AS cor0 GROUP BY cor0.col1
----
31
31
31

query I rowsort
SELECT ALL - ( + 18 ) FROM tab0 AS cor0 GROUP BY cor0.col0
----
4294967278
4294967278
4294967278

query I rowsort
SELECT 57 AS col0 FROM tab2 AS cor0 GROUP BY cor0.col0, col0
----
57
57
57

query I rowsort
SELECT + 78 FROM tab2 AS cor0 GROUP BY cor0.col2
----
78
78
78

query I rowsort
SELECT 14 AS col2 FROM tab1 AS cor0 GROUP BY col0, cor0.col2
----
14
14
14

query I rowsort
SELECT 33 FROM tab0 cor0 GROUP BY cor0.col0
----
33
33
33

query I rowsort
SELECT + 41 FROM tab0, tab1 AS cor0 GROUP BY cor0.col0
----
41
41
41

query I rowsort
SELECT 58 FROM tab2, tab2 AS cor0 GROUP BY cor0.col1
----
58
58
58

query I rowsort
SELECT 45 FROM tab1 AS cor0 GROUP BY cor0.col1
----
45
45
45

query I rowsort
SELECT ALL + - 77 - + 92 AS col0 FROM tab0, tab0 cor0 GROUP BY tab0.col1
----
4294967127
4294967127

query I rowsort
SELECT + 75 FROM tab2 AS cor0 GROUP BY col0
----
75
75
75

query I rowsort
SELECT + 79 FROM tab2 cor0 GROUP BY col2
----
79
79
79

query I rowsort
SELECT 68 AS col0 FROM tab1 AS cor0 GROUP BY cor0.col1
----
68
68
68

query I rowsort
SELECT ALL 2 + cor0.col1 * cor0.col1 AS col2 FROM tab0 AS cor0 GROUP BY col1
----
2
6563

query I rowsort
SELECT + 7 FROM tab0 AS cor0 GROUP BY col2
----
7
7
7

skipif postgresql # PostgreSQL requires AS when renaming output columns
query I rowsort
SELECT + cor0.col2 + ( - cor0.col2 * - cor0.col2 ) col0 FROM tab2 AS cor0 GROUP BY cor0.col2
----
3422
6320
7656

query I rowsort
SELECT 76 FROM tab1 AS cor0 GROUP BY cor0.col2
----
76
76
76

query I rowsort
SELECT + - 1 FROM tab0 GROUP BY col2
----
4294967295
4294967295
4294967295

skipif postgresql # PostgreSQL requires AS when renaming output columns
query I rowsort
SELECT tab1.col2 + - 89 col2 FROM tab1 GROUP BY tab1.col2
----
4294967215
4294967252
4294967278

query I rowsort
SELECT ALL 62 AS col1 FROM tab2 cor0 GROUP BY cor0.col2
----
62
62
62

query I rowsort
SELECT ALL - 59 + - cor0.col1 FROM tab0 cor0 GROUP BY cor0.col1
----
4294967156
4294967237

query I rowsort
SELECT - 1 AS col2 FROM tab0 cor0 GROUP BY cor0.col1
----
4294967295
4294967295

query I rowsort
SELECT + 4 AS col1 FROM tab2 AS cor0 GROUP BY cor0.col1
----
4
4
4

query I rowsort
SELECT ALL + cor0.col1 * + 17 FROM tab2 AS cor0 GROUP BY cor0.col1
----
1003
1037
697

query I rowsort
SELECT 4 FROM tab2 AS cor0 GROUP BY col0
----
4
4
4

query I rowsort
SELECT 29 + + cor0.col1 AS col2 FROM tab2 AS cor0 GROUP BY cor0.col0, cor0.col1
----
70
88
90

query I rowsort
SELECT + 10 + + 9 AS col0 FROM tab1, tab0 AS cor0 GROUP BY tab1.col2
----
19
19
19

query I rowsort
SELECT - cor0.col1 * - 12 FROM tab2 AS cor0 GROUP BY cor0.col1
----
492
708
732

query I rowsort
SELECT ALL - 82 AS col0 FROM tab1 AS cor0 GROUP BY cor0.col1
----
4294967214
4294967214
4294967214

query I rowsort
SELECT ALL + 73 AS col0 FROM tab1 AS cor0 CROSS JOIN tab1 AS cor1 GROUP BY cor1.col1
----
73
73
73

query I rowsort
SELECT ALL + 56 FROM tab1, tab2 AS cor0 GROUP BY tab1.col0
----
56
56
56

query I rowsort
SELECT - 45 FROM tab2 AS cor0 GROUP BY cor0.col1
----
4294967251
4294967251
4294967251

query I rowsort
SELECT - 18 AS col2 FROM tab0 AS cor0 GROUP BY cor0.col0
----
4294967278
4294967278
4294967278

skipif postgresql # PostgreSQL requires AS when renaming output columns
query I rowsort
SELECT cor0.col2 * - 97 * cor0.col1 col0 FROM tab0 AS cor0 GROUP BY cor0.col1, cor0.col2
----
0
0
4294778728

query I rowsort
SELECT ALL 55 AS col0 FROM tab0 AS cor0 GROUP BY cor0.col0
----
55
55
55

query I rowsort
SELECT - 1 * - 58 * + col0 AS col1 FROM tab1 cor0 GROUP BY cor0.col0
----
1276
1624
4756

query I rowsort
SELECT - col0 - 46 AS col0 FROM tab0 AS cor0 GROUP BY cor0.col0
----
4294967167
4294967207
4294967224

query I rowsort
SELECT ALL 40 FROM tab2 AS cor0 GROUP BY cor0.col1, cor0.col2
----
40
40
40

query I rowsort
SELECT ( cor0.col1 ) FROM tab1 AS cor0 GROUP BY cor0.col1
----
44
57
6

query I rowsort
SELECT ALL 93 FROM tab0 cor0 GROUP BY cor0.col0
----
93
93
93

query I rowsort
SELECT 56 FROM tab2 AS cor0 GROUP BY cor0.col1
----
56
56
56

query I rowsort
SELECT ALL 86 AS col0 FROM tab2 AS cor0 GROUP BY cor0.col1
----
86
86
86

query I rowsort
SELECT + cor0.col0 + 55 AS col2 FROM tab1 AS cor0 GROUP BY cor0.col0
----
137
77
83

query I rowsort
SELECT ALL cor0.col1 + 67 FROM tab2 AS cor0 GROUP BY cor0.col1
----
108
126
128

query I rowsort
SELECT + 38 * - cor0.col1 + cor0.col1 + ( 76 ) AS col0 FROM tab0 AS cor0 GROUP BY cor0.col1
----
4294964375
76

query I rowsort
SELECT + 34 FROM tab2 AS cor0 GROUP BY cor0.col1, cor0.col1
----
34
34
34

query I rowsort
SELECT + 13 AS col1 FROM tab2 AS cor0 GROUP BY cor0.col2
----
13
13
13

query I rowsort
SELECT ALL 67 FROM tab2 AS cor0 GROUP BY cor0.col1
----
67
67
67

onlyif mysql # DIV for integer division:
query I rowsort label-620
SELECT ALL - cor0.col2 * cor0.col2 + 46 DIV 82 FROM tab2, tab2 AS cor0 GROUP BY cor0.col2
----
4294959727
4294961055
4294963932

skipif postgresql # PostgreSQL requires AS when renaming output columns
query I rowsort
SELECT 9 * 55 col2 FROM tab1 AS cor0 GROUP BY cor0.col1
----
495
495
495

query I rowsort
SELECT - cor0.col2 * - 5 + + cor0.col2 FROM tab0 AS cor0 GROUP BY cor0.col2
----
144
228
474

query I rowsort
SELECT col2 * 90 AS col0 FROM tab1 cor0 GROUP BY cor0.col2
----
4050
6390
720

query I rowsort
SELECT ALL 59 AS col0 FROM tab2 AS cor0 GROUP BY cor0.col0
----
59
59
59

skipif postgresql # PostgreSQL requires AS when renaming output columns
query I rowsort
SELECT ALL - 82 col0 FROM tab1 AS cor0 GROUP BY cor0.col2
----
4294967214
4294967214
4294967214

onlyif mysql # DIV for integer division:
query I rowsort label-632
SELECT 33 DIV + 5 AS col1 FROM tab1 cor0 GROUP BY cor0.col0, cor0.col2
----
6
6
6

query I rowsort
SELECT ( - cor0.col1 + 14 * + cor0.col1 ) AS col1 FROM tab2 cor0 GROUP BY cor0.col2, cor0.col1
----
533
767
793

query I rowsort
SELECT 11 FROM tab1 AS cor0 GROUP BY cor0.col2
----
11
11
11

query I rowsort
SELECT + cor0.col0 FROM tab2 AS cor0 GROUP BY col0, cor0.col1
----
15
91
92

query I rowsort
SELECT col2 * col0 FROM tab0 AS cor0 GROUP BY cor0.col0, cor0.col2
----
1032
2054
3154

query I rowsort
SELECT + cor0.col0 AS col2 FROM tab1 cor0 GROUP BY cor0.col2, cor0.col0
----
22
28
82

query I rowsort
SELECT 85 FROM tab2 AS cor0 GROUP BY cor0.col1
----
85
85
85

query I rowsort
SELECT ALL 7 FROM tab2, tab1 AS cor0, tab2 AS cor1 GROUP BY cor1.col0
----
7
7
7

query I rowsort
SELECT cor0.col0 + + cor0.col0 AS col2 FROM tab2 AS cor0 GROUP BY cor0.col0
----
182
184
30

query I rowsort
SELECT ALL - 72 FROM tab0, tab1 AS cor0 GROUP BY cor0.col2
----
4294967224
4294967224
4294967224

onlyif mysql # DIV for integer division:
query I rowsort label-651
SELECT COALESCE ( cor0.col2, - cor0.col0 ) DIV 10 FROM tab2 AS cor0 GROUP BY cor0.col0, cor0.col2
----
5
7
8

query I rowsort
SELECT 20 AS col0 FROM tab0 AS cor0 GROUP BY cor0.col2
----
20
20
20

query I rowsort
SELECT ALL - cor1.col2 AS col1 FROM tab0 AS cor0 CROSS JOIN tab0 AS cor1 GROUP BY cor1.col2
----
4294967217
4294967258
4294967272

query I rowsort
SELECT ALL - - 35 AS col2 FROM tab1, tab2 AS cor0 GROUP BY tab1.col1
----
35
35
35

query I rowsort
SELECT + + 58 FROM tab1 GROUP BY tab1.col1
----
58
58
58

query I rowsort
SELECT 13 AS col1 FROM tab2 AS cor0 GROUP BY cor0.col2
----
13
13
13

query I rowsort
SELECT + 16 AS col2 FROM tab0 AS cor0 GROUP BY cor0.col2
----
16
16
16

query I rowsort
SELECT - 78 AS col2 FROM tab0 GROUP BY tab0.col1
----
4294967218
4294967218

query I rowsort
SELECT 32 AS col0 FROM tab2 AS cor0 GROUP BY col1
----
32
32
32

query I rowsort
SELECT - cor1.col1 FROM tab2 AS cor0 CROSS JOIN tab2 AS cor1 GROUP BY cor1.col1
----
4294967235
4294967237
4294967255

query I rowsort
SELECT ALL cor0.col1 AS col1 FROM tab0 AS cor0 GROUP BY cor0.col1, cor0.col1
----
0
81

query I rowsort
SELECT ALL col2 + + 44 AS col0 FROM tab1 AS cor0 GROUP BY cor0.col2, col0
----
115
52
89

query I rowsort
SELECT + 79 AS col1 FROM tab2 AS cor0 GROUP BY cor0.col2
----
79
79
79

query I rowsort
SELECT 31 FROM tab2, tab0 AS cor0, tab0 cor1 GROUP BY cor0.col2
----
31
31
31

onlyif mysql # CAST syntax: INT type:
query I rowsort label-678
SELECT CAST( + 3 AS INT ) FROM tab2 AS cor0 GROUP BY cor0.col2
----
3
3
3

query I rowsort
SELECT + 16 FROM tab0, tab0 AS cor0 GROUP BY cor0.col1
----
16
16

query I rowsort
SELECT ALL - 3 AS col0 FROM tab0 AS cor0 GROUP BY cor0.col1
----
4294967293
4294967293

query I rowsort
SELECT 90 AS col2 FROM tab0, tab1 cor0 GROUP BY tab0.col2
----
90
90
90

query I rowsort
SELECT ALL + 6 FROM tab1, tab0 cor0 GROUP BY cor0.col2
----
6
6
6

query I rowsort
SELECT - 50 FROM tab2, tab1 cor0 GROUP BY tab2.col1
----
4294967246
4294967246
4294967246

query I rowsort
SELECT 78 FROM tab2 AS cor0 GROUP BY cor0.col0
----
78
78
78

query I rowsort
SELECT + 81 - 7 FROM tab1 AS cor0 GROUP BY cor0.col0
----
74
74
74

query I rowsort
SELECT cor0.col0 * cor0.col0 + 68 AS col2 FROM tab1 AS cor0 GROUP BY cor0.col0
----
552
6792
852

query I rowsort
SELECT - 13 FROM tab1, tab2 AS cor0 GROUP BY cor0.col0
----
4294967283
4294967283
4294967283

query I rowsort
SELECT 94 AS col2 FROM tab2 AS cor0 GROUP BY cor0.col0
----
94
94
94

query I rowsort
SELECT NULLIF ( - cor0.col0, + cor0.col1 ) FROM tab0 AS cor0 GROUP BY cor0.col1, cor0.col0
----
4294967213
4294967253
4294967270

query I rowsort
SELECT 36 AS col0 FROM tab2 AS cor0 GROUP BY cor0.col1
----
36
36
36

skipif postgresql # PostgreSQL requires AS when renaming output columns
query I rowsort
SELECT - 27 col2 FROM tab1 AS cor0 GROUP BY cor0.col2, cor0.col2
----
4294967269
4294967269
4294967269

query I rowsort
SELECT ALL 27 FROM tab1 AS cor0 GROUP BY cor0.col0
----
27
27
27

onlyif mysql # DIV for integer division:
query I rowsort label-711
SELECT ALL - cor0.col1 DIV - 38 AS col0 FROM tab1 cor0 GROUP BY cor0.col1
----
0
1
1

query I rowsort
SELECT ALL - cor0.col1 * cor0.col1 AS col1 FROM tab1 AS cor0 GROUP BY cor0.col1
----
4294964047
4294965360
4294967260

query I rowsort
SELECT ALL + 85 AS col2 FROM tab0 AS cor0 GROUP BY cor0.col2
----
85
85
85

query I rowsort
SELECT ALL - ( 20 * + cor0.col1 ) AS col2 FROM tab2 AS cor0 GROUP BY cor0.col1
----
4294966076
4294966116
4294966476

query I rowsort
SELECT cor0.col1 + cor0.col1 + + 16 FROM tab1 AS cor0 GROUP BY cor0.col1
----
104
130
28

query I rowsort
SELECT + + 59 AS col0 FROM tab1 GROUP BY tab1.col1
----
59
59
59

query I rowsort
SELECT - 7 AS col2 FROM tab0 AS cor0 GROUP BY cor0.col1
----
4294967289
4294967289

query I rowsort
SELECT ALL + 64 + 74 AS col2 FROM tab2, tab0 AS cor0, tab1 AS cor1 GROUP BY cor1.col0
----
138
138
138

query I rowsort
SELECT - cor0.col2 * cor0.col2 AS col1 FROM tab2 AS cor0 GROUP BY cor0.col2
----
4294959727
4294961055
4294963932

query I rowsort
SELECT ALL + 38 + cor0.col0 FROM tab0, tab2 AS cor0 GROUP BY cor0.col0
----
129
130
53

query I rowsort
SELECT + + col2 * + 40 AS col0 FROM tab2 GROUP BY col2
----
2320
3160
3480

query I rowsort
SELECT - 72 FROM tab0 AS cor0 GROUP BY cor0.col2
----
4294967224
4294967224
4294967224

query I rowsort
SELECT + 17 FROM tab2 AS cor0 GROUP BY cor0.col1
----
17
17
17

query I rowsort
SELECT ( - 28 ) FROM tab0 AS cor0 GROUP BY cor0.col1
----
4294967268
4294967268

query I rowsort
SELECT ALL + 9 AS col2 FROM tab2 AS cor0 GROUP BY cor0.col0
----
9
9
9

query I rowsort
SELECT ALL cor0.col0 + + cor0.col0 AS col1 FROM tab1 AS cor0 GROUP BY cor0.col0
----
164
44
56

query I rowsort
SELECT + cor0.col1 - + 27 FROM tab0 cor0 GROUP BY col1
----
4294967269
54

query I rowsort
SELECT + cor0.col0 + + 35 FROM tab2 AS cor0 GROUP BY cor0.col0
----
126
127
50

skipif postgresql # PostgreSQL requires AS when renaming output columns
query I rowsort
SELECT ALL + 26 col0 FROM tab2 cor0 GROUP BY cor0.col0
----
26
26
26

query I rowsort
SELECT 42 FROM tab1 cor0 GROUP BY col0
----
42
42
42

query I rowsort
SELECT 91 FROM tab2 GROUP BY tab2.col0
----
91
91
91

query I rowsort
SELECT - cor0.col1 * 10 + cor0.col1 - + 40 FROM tab2 AS cor0 GROUP BY cor0.col1
----
4294966707
4294966725
4294966887

skipif postgresql # PostgreSQL requires AS when renaming output columns
query I rowsort
SELECT ALL + cor0.col2 * cor0.col0 col2 FROM tab0 AS cor0 GROUP BY cor0.col0, cor0.col2
----
1032
2054
3154

query I rowsort
SELECT 60 FROM tab1 AS cor0 GROUP BY cor0.col1
----
60
60
60

query I rowsort
SELECT ALL + ( - 86 ) AS col1 FROM tab1 AS cor0 GROUP BY cor0.col1
----
4294967210
4294967210
4294967210

query I rowsort
SELECT cor0.col2 + + cor0.col2 AS col1 FROM tab1 cor0 GROUP BY cor0.col2
----
142
16
90

query I rowsort
SELECT - 16 + - 61 FROM tab2 GROUP BY tab2.col1
----
4294967219
4294967219
4294967219

query I rowsort
SELECT 54 * cor0.col2 AS col0 FROM tab0 cor0 GROUP BY cor0.col2
----
1296
2052
4266

query I rowsort
SELECT ALL + 79 + 50 AS col1 FROM tab0 GROUP BY tab0.col0
----
129
129
129

query I rowsort
SELECT - ( - 14 ) FROM tab2, tab2 AS cor0 GROUP BY cor0.col2
----
14
14
14

query I rowsort
SELECT 17 AS col2 FROM tab0 AS cor0 GROUP BY cor0.col0
----
17
17
17

query I rowsort
SELECT ALL + 28 FROM tab2, tab2 AS cor0, tab1 AS cor1 GROUP BY tab2.col2
----
28
28
28

query I rowsort
SELECT 60 FROM tab2 GROUP BY col2
----
60
60
60

query I rowsort
SELECT ALL 66 * 39 FROM tab1 cor0 GROUP BY cor0.col0
----
2574
2574
2574

query I rowsort
SELECT 32 * + cor0.col1 FROM tab0 AS cor0 GROUP BY cor0.col1
----
0
2592

query I rowsort
SELECT - 94 FROM tab2 AS cor0 GROUP BY col1
----
4294967202
4294967202
4294967202

onlyif mysql # DIV for integer division:
query I rowsort label-775
SELECT cor0.col1 DIV + 14 AS col2 FROM tab1 AS cor0 GROUP BY cor0.col0, cor0.col1
----
0
3
4

query I rowsort
SELECT + - cor0.col0 * cor0.col0 + + cor0.col0 * + 96 + + 91 AS col2 FROM tab0, tab0 AS cor0 GROUP BY cor0.col0
----
1170
1911
2370

query I rowsort
SELECT col2 AS col1 FROM tab0 AS cor0 GROUP BY cor0.col0, cor0.col2
----
24
38
79

query I rowsort
SELECT ALL + 27 FROM tab2 cor0 GROUP BY cor0.col0
----
27
27
27

query I rowsort
SELECT - cor0.col2 FROM tab0 AS cor0 GROUP BY cor0.col2, cor0.col2
----
4294967217
4294967258
4294967272

query I rowsort
SELECT ALL + col1 * - NULLIF ( 85 + + cor0.col0, cor0.col0 ) FROM tab1 AS cor0 GROUP BY cor0.col0, cor0.col1
----
4294959948
4294960855
4294966654

query I rowsort
SELECT ALL cor0.col0 FROM tab0 cor0 GROUP BY cor0.col0, col1
----
26
43
83

query I rowsort
SELECT ALL - tab0.col1 * col1 + + 84 AS col0 FROM tab0 GROUP BY tab0.col1
----
4294960819
84

query I rowsort
SELECT - 22 AS col0 FROM tab0 AS cor0 GROUP BY cor0.col2
----
4294967274
4294967274
4294967274

query I rowsort
SELECT - 21 + 73 FROM tab0, tab2 AS cor0 GROUP BY tab0.col2
----
52
52
52

query I rowsort
SELECT ALL - ( 20 ) FROM tab0 AS cor0 GROUP BY cor0.col1, cor0.col2
----
4294967276
4294967276
4294967276

query I rowsort
SELECT ALL ( 19 ) FROM tab0 AS cor0 GROUP BY col1
----
19
19

query I rowsort
SELECT 38 * cor0.col2 FROM tab2 AS cor0 GROUP BY col2
----
2204
3002
3306

query I rowsort
SELECT + 27 + cor0.col2 FROM tab0 AS cor0 GROUP BY col2
----
106
51
65

query I rowsort
SELECT + 83 AS col1 FROM tab1 AS cor0 GROUP BY cor0.col2
----
83
83
83

query I rowsort
SELECT + - 6 * + tab2.col2 AS col1 FROM tab2, tab2 AS cor0, tab0 AS cor1 GROUP BY tab2.col2
----
4294966774
4294966822
4294966948

query I rowsort
SELECT ALL - cor0.col1 + 77 FROM tab2 AS cor0 GROUP BY cor0.col1
----
16
18
36

query I rowsort
SELECT ALL - ( 52 ) * 38 AS col0 FROM tab1, tab0 cor0 GROUP BY tab1.col1
----
4294965320
4294965320
4294965320

query I rowsort
SELECT - NULLIF ( + cor0.col2, 45 ) AS col0 FROM tab2, tab0 cor0 GROUP BY cor0.col2
----
4294967217
4294967258
4294967272

query I rowsort
SELECT ALL 83 + + cor0.col2 + + cor0.col0 * cor0.col0 FROM tab2 AS cor0 GROUP BY cor0.col2, col0
----
395
8443
8605

query I rowsort
SELECT + 20 FROM tab2 GROUP BY tab2.col0
----
20
20
20

query I rowsort
SELECT + - 91 AS col2 FROM tab1, tab0 AS cor0 GROUP BY cor0.col2
----
4294967205
4294967205
4294967205

query I rowsort
SELECT + cor0.col2 * + 2 FROM tab0 AS cor0 GROUP BY cor0.col2
----
158
48
76

query I rowsort
SELECT + 47 FROM tab1 cor0 GROUP BY cor0.col2
----
47
47
47

query I rowsort
SELECT ALL ( 70 ) FROM tab2 AS cor0 GROUP BY cor0.col0
----
70
70
70

query I rowsort
SELECT 51 AS col2 FROM tab2 AS cor0 GROUP BY cor0.col0
----
51
51
51

skipif postgresql # PostgreSQL requires AS when renaming output columns
query I rowsort
SELECT ALL - cor0.col2 col1 FROM tab1 AS cor0 GROUP BY cor0.col2, cor0.col2
----
4294967225
4294967251
4294967288

query I rowsort
SELECT ALL + 71 FROM tab0 cor0 GROUP BY cor0.col1
----
71
71

query I rowsort
SELECT 81 FROM tab2 AS cor0 GROUP BY cor0.col2
----
81
81
81

query I rowsort
SELECT 90 - - cor1.col0 FROM tab1 AS cor0 CROSS JOIN tab1 AS cor1 GROUP BY cor1.col0
----
112
118
172

query I rowsort
SELECT ( + cor0.col1 ) * - cor0.col1 FROM tab2 AS cor0 GROUP BY cor0.col1
----
4294963575
4294963815
4294965615

query I rowsort
SELECT + 82 AS col0 FROM tab0 AS cor0 GROUP BY cor0.col1, cor0.col1
----
82
82

query I rowsort
SELECT ALL 58 FROM tab0 AS cor0 GROUP BY cor0.col1
----
58
58

query I rowsort
SELECT - + 86 FROM tab0, tab1 AS cor0 GROUP BY cor0.col1
----
4294967210
4294967210
4294967210

query I rowsort
SELECT ALL - 74 FROM tab0 cor0 GROUP BY cor0.col0
----
4294967222
4294967222
4294967222

query I rowsort
SELECT + 23 AS col0 FROM tab1 AS cor0 GROUP BY cor0.col2
----
23
23
23

query I rowsort
SELECT ALL 13 FROM tab0, tab2 AS cor0 GROUP BY cor0.col2
----
13
13
13

query I rowsort
SELECT - 43 FROM tab2 cor0 GROUP BY cor0.col2
----
4294967253
4294967253
4294967253

query I rowsort
SELECT - 83 AS col1 FROM tab2 AS cor0 GROUP BY cor0.col1
----
4294967213
4294967213
4294967213

skipif postgresql # PostgreSQL requires AS when renaming output columns
query I rowsort
SELECT 36 col0 FROM tab2 cor0 GROUP BY cor0.col2, cor0.col1
----
36
36
36

query I rowsort
SELECT ALL + cor0.col2 * 99 AS col2 FROM tab1, tab0 AS cor0, tab0 AS cor1 GROUP BY cor0.col2
----
2376
3762
7821

query I rowsort
SELECT ALL - cor0.col0 FROM tab0 AS cor0 GROUP BY cor0.col1, cor0.col0
----
4294967213
4294967253
4294967270

query I rowsort
SELECT ALL 35 * 17 FROM tab1 AS cor0 GROUP BY cor0.col1
----
595
595
595

query I rowsort
SELECT ALL - 97 AS col1 FROM tab1, tab1 AS cor0, tab1 AS cor1 GROUP BY tab1.col1
----
4294967199
4294967199
4294967199

query I rowsort
SELECT ALL - 20 * + 60 AS col1 FROM tab1, tab2 AS cor0 GROUP BY cor0.col2
----
4294966096
4294966096
4294966096

query I rowsort
SELECT 94 AS col1 FROM tab0 cor0 CROSS JOIN tab2 AS cor1 GROUP BY cor0.col2
----
94
94
94

query I rowsort
SELECT - 90 FROM tab2, tab1 AS cor0, tab0 AS cor1 GROUP BY cor0.col1
----
4294967206
4294967206
4294967206

query I rowsort
SELECT + 82 FROM tab0 AS cor0 CROSS JOIN tab0 cor1 GROUP BY cor0.col2
----
82
82
82

onlyif mysql # CAST syntax: INT type:
query I rowsort label-870
SELECT CAST( 72 AS INT ) * + cor0.col1 AS col2 FROM tab0 AS cor0 GROUP BY cor0.col1
----
0
5832

query I rowsort
SELECT ( - cor0.col2 ) + cor0.col2 FROM tab1 AS cor0 GROUP BY cor0.col2
----
0
0
0

query I rowsort
SELECT + ( col0 ) FROM tab2 AS cor0 GROUP BY cor0.col0
----
15
91
92

query I rowsort
SELECT ALL 99 + + 40 FROM tab1 GROUP BY tab1.col1
----
139
139
139

query I rowsort
SELECT 94 * ( - cor0.col1 * - cor0.col0 ) FROM tab0 AS cor0 GROUP BY cor0.col0, cor0.col1
----
0
0
327402

query I rowsort
SELECT 8 * 31 + + cor0.col0 AS col2 FROM tab0 AS cor0 GROUP BY cor0.col0
----
274
291
331

query I rowsort
SELECT - 67 FROM tab2 GROUP BY tab2.col2
----
4294967229
4294967229
4294967229

query I rowsort
SELECT - 50 + cor0.col0 FROM tab0 AS cor0 GROUP BY cor0.col0
----
33
4294967272
4294967289

query I rowsort
SELECT + cor0.col1 * cor0.col2 AS col0 FROM tab1 AS cor0 GROUP BY col2, cor0.col1
----
2565
3124
48

onlyif mysql # DIV for integer division:
query I rowsort label-879
SELECT cor0.col2 + cor0.col2 DIV + cor0.col0 AS col2 FROM tab1 AS cor0 GROUP BY cor0.col2, col0
----
46
71
8

query I rowsort
SELECT cor0.col1 FROM tab1 AS cor0 CROSS JOIN tab0 AS cor1 GROUP BY cor0.col2, cor0.col1
----
44
57
6

query I rowsort
SELECT ALL 82 + cor0.col2 FROM tab2 AS cor0 GROUP BY cor0.col2
----
140
161
169

query I rowsort
SELECT ALL cor0.col2 AS col0 FROM tab2 AS cor0 GROUP BY cor0.col1, cor0.col2
----
58
79
87

query I rowsort
SELECT ALL + cor0.col2 + - 17 * cor0.col2 AS col1 FROM tab1 AS cor0 GROUP BY cor0.col1, cor0.col2
----
4294966160
4294966576
4294967168

query I rowsort
SELECT ALL 36 FROM tab0 GROUP BY tab0.col1
----
36
36

query I rowsort
SELECT - 47 + tab0.col0 AS col0 FROM tab0 GROUP BY tab0.col0
----
36
4294967275
4294967292

skipif postgresql # PostgreSQL requires AS when renaming output columns
query I rowsort
SELECT ALL + 45 col2 FROM tab1 GROUP BY tab1.col2
----
45
45
45

query I rowsort
SELECT ALL 79 FROM tab0 AS cor0 GROUP BY cor0.col0, cor0.col0
----
79
79
79

skipif postgresql # PostgreSQL requires AS when renaming output columns
query I rowsort
SELECT tab0.col0 + + 29 col1 FROM tab0 GROUP BY tab0.col0
----
112
55
72

skipif postgresql # PostgreSQL requires AS when renaming output columns
query I rowsort
SELECT ALL - 75 * 18 col1 FROM tab0 AS cor0 GROUP BY cor0.col0
----
4294965946
4294965946
4294965946

query I rowsort
SELECT + 5 AS col2 FROM tab2 GROUP BY col0
----
5
5
5

query I rowsort
SELECT ALL - ( - tab1.col2 ) AS col2 FROM tab1 GROUP BY tab1.col2
----
45
71
8

query I rowsort
SELECT ALL - + 47 FROM tab2 GROUP BY tab2.col0
----
4294967249
4294967249
4294967249

query I rowsort
SELECT - 61 + - 6 AS col1 FROM tab2, tab1 AS cor0, tab0 AS cor1 GROUP BY cor1.col0
----
4294967229
4294967229
4294967229

query I rowsort
SELECT ALL 81 AS col0 FROM tab0 AS cor0 GROUP BY cor0.col2
----
81
81
81

query I rowsort
SELECT + 90 AS col2 FROM tab2 AS cor0 GROUP BY cor0.col0
----
90
90
90

query I rowsort
SELECT - - col2 FROM tab0 GROUP BY tab0.col2
----
24
38
79

query I rowsort
SELECT - col1 * ( 55 ) AS col1 FROM tab1 GROUP BY tab1.col1
----
4294964161
4294964876
4294966966

query I rowsort
SELECT + + 80 FROM tab0, tab2 cor0 GROUP BY cor0.col2
----
80
80
80

onlyif mysql # DIV for integer division:
query I rowsort label-926
SELECT ALL - 94 DIV 63 FROM tab0 AS cor0 GROUP BY cor0.col1
----
4294967295
4294967295

query I rowsort
SELECT + ( + 42 ) FROM tab0 AS cor0 GROUP BY col2
----
42
42
42

query I rowsort
SELECT - 84 AS col0 FROM tab0, tab0 AS cor0 GROUP BY cor0.col2
----
4294967212
4294967212
4294967212

query I rowsort
SELECT 80 * cor0.col2 AS col2 FROM tab0 AS cor0 GROUP BY cor0.col2
----
1920
3040
6320

query I rowsort
SELECT ( cor0.col0 ) FROM tab2 AS cor0 GROUP BY cor0.col0, cor0.col1
----
15
91
92

query I rowsort
SELECT + - 73 AS col1 FROM tab2 GROUP BY tab2.col2
----
4294967223
4294967223
4294967223

skipif postgresql # PostgreSQL requires AS when renaming output columns
query I rowsort
SELECT ALL + 0 col1 FROM tab2 AS cor0 GROUP BY cor0.col1
----
0
0
0

skipif postgresql # PostgreSQL requires AS when renaming output columns
query I rowsort
SELECT - 66 col0 FROM tab2 AS cor0 GROUP BY cor0.col1, col0
----
4294967230
4294967230
4294967230

query I rowsort
SELECT + 24 FROM tab1 AS cor0 GROUP BY col1
----
24
24
24

query I rowsort
SELECT ALL cor0.col1 + - 71 AS col2 FROM tab2 AS cor0 GROUP BY col1
----
4294967266
4294967284
4294967286

query I rowsort
SELECT 57 FROM tab0, tab2 cor0, tab1 AS cor1 GROUP BY cor1.col2
----
57
57
57

query I rowsort
SELECT 8 AS col2 FROM tab1 GROUP BY col1
----
8
8
8

query I rowsort
SELECT ALL - 72 FROM tab1, tab1 cor0, tab1 AS cor1 GROUP BY cor1.col0
----
4294967224
4294967224
4294967224

query I rowsort
SELECT ALL + col1 * cor0.col1 FROM tab2 cor0 GROUP BY col1
----
1681
3481
3721

query I rowsort
SELECT - 66 FROM tab2 AS cor0 GROUP BY cor0.col0
----
4294967230
4294967230
4294967230

query I rowsort
SELECT - 71 * 30 FROM tab2 AS cor0 GROUP BY cor0.col1, col1
----
4294965166
4294965166
4294965166

query I rowsort
SELECT ALL cor0.col1 AS col0 FROM tab0 cor0 GROUP BY cor0.col1
----
0
81

query I rowsort
SELECT cor0.col2 + cor0.col2 AS col2 FROM tab0 cor0 GROUP BY cor0.col2
----
158
48
76

onlyif mysql # CAST syntax: INT type:
query I rowsort label-961
SELECT - CAST( - 33 AS INT ) FROM tab0 AS cor0 GROUP BY cor0.col2
----
33
33
33

skipif postgresql # PostgreSQL requires AS when renaming output columns
query I rowsort
SELECT ALL + cor0.col1 * cor0.col1 col2 FROM tab1 AS cor0 GROUP BY cor0.col1
----
1936
3249
36

query I rowsort
SELECT ALL + cor1.col2 FROM tab1 cor0 CROSS JOIN tab0 AS cor1 GROUP BY cor1.col2
----
24
38
79

query I rowsort
SELECT + 11 AS col1 FROM tab1 AS cor0 GROUP BY cor0.col0
----
11
11
11

query I rowsort
SELECT + 20 FROM tab0 AS cor0 GROUP BY cor0.col2
----
20
20
20

query I rowsort
SELECT ALL - + tab1.col0 + ( - 11 ) * - tab1.col0 AS col1 FROM tab1 GROUP BY col0
----
220
280
820

query I rowsort
SELECT - 73 AS col1 FROM tab1 GROUP BY tab1.col1
----
4294967223
4294967223
4294967223

query I rowsort
SELECT + col1 + 68 * col1 AS col1 FROM tab1 GROUP BY tab1.col1
----
3036
3933
414

query I rowsort
SELECT ALL + 8 FROM tab2 GROUP BY tab2.col1
----
8
8
8

skipif postgresql # PostgreSQL requires AS when renaming output columns
query I rowsort
SELECT ALL - - ( 40 ) * cor0.col2 col0 FROM tab0, tab2 cor0 GROUP BY cor0.col2
----
2320
3160
3480

query I rowsort
SELECT 95 FROM tab2 AS cor0 GROUP BY cor0.col0
----
95
95
95

query I rowsort
SELECT - 16 AS col0 FROM tab1, tab1 AS cor0, tab0 AS cor1 GROUP BY cor1.col1
----
4294967280
4294967280

query I rowsort
SELECT 37 * + 44 FROM tab2 AS cor0 GROUP BY cor0.col1
----
1628
1628
1628

query I rowsort
SELECT ALL - 40 AS col1 FROM tab2 AS cor0 GROUP BY col2, cor0.col2
----
4294967256
4294967256
4294967256

query I rowsort
SELECT + 48 FROM tab1 GROUP BY tab1.col0
----
48
48
48

query I rowsort
SELECT 37 + + col0 + 24 AS col1 FROM tab1 AS cor0 GROUP BY cor0.col0, cor0.col2
----
143
83
89

query I rowsort
SELECT 70 AS col1 FROM tab0 GROUP BY tab0.col2
----
70
70
70

query I rowsort
SELECT ALL + cor0.col1 + - cor0.col2 + cor0.col1 * NULLIF ( 69, cor0.col2 + + cor0.col1 ) FROM tab2 AS cor0 GROUP BY cor0.col1, cor0.col2
----
2812
4051
4183

query I rowsort
SELECT ALL 32 FROM tab2 cor0 GROUP BY col1
----
32
32
32

query I rowsort
SELECT ALL cor1.col2 AS col2 FROM tab0 AS cor0 CROSS JOIN tab2 AS cor1 GROUP BY cor1.col2
----
58
79
87

query I rowsort
SELECT - 48 FROM tab0 cor0 CROSS JOIN tab2 AS cor1 GROUP BY cor1.col0
----
4294967248
4294967248
4294967248

query I rowsort
SELECT 0 * - 17 FROM tab1 AS cor0 CROSS JOIN tab2 AS cor1 GROUP BY cor0.col0
----
0
0
0

query I rowsort
SELECT ALL + 79 - 42 * cor0.col1 AS col2 FROM tab1 AS cor0 GROUP BY cor0.col1
----
4294964981
4294965527
4294967123

query I rowsort
SELECT ALL cor0.col0 * - 67 FROM tab1 AS cor0 GROUP BY cor0.col0
----
4294961802
4294965420
4294965822

query I rowsort
SELECT 42 FROM tab0 cor0 GROUP BY cor0.col1
----
42
42

query I rowsort
SELECT cor0.col0 - col0 AS col1 FROM tab0 AS cor0 GROUP BY cor0.col0
----
0
0
0

query I rowsort
SELECT + 47 * - 3 FROM tab2 AS cor0 GROUP BY col2
----
4294967155
4294967155
4294967155

query I rowsort
SELECT 65 FROM tab0 AS cor0 GROUP BY cor0.col1
----
65
65

skipif postgresql # PostgreSQL requires AS when renaming output columns
query I rowsort
SELECT 91 + cor0.col1 col1 FROM tab2 AS cor0 GROUP BY cor0.col1
----
132
150
152

query I rowsort
SELECT 8 + cor0.col1 AS col2 FROM tab1 AS cor0 GROUP BY cor0.col1
----
14
52
65

query I rowsort
SELECT 93 AS col1 FROM tab1 AS cor0 GROUP BY col0
----
93
93
93

query I rowsort
SELECT cor0.col0 * + cor0.col0 * cor0.col0 - - 94 AS col2 FROM tab0 AS cor0 GROUP BY cor0.col0
----
17670
571881
79601

query I rowsort
SELECT 40 FROM tab2 GROUP BY tab2.col2
----
40
40
40

query I rowsort
SELECT - 80 FROM tab1 GROUP BY tab1.col2
----
4294967216
4294967216
4294967216

query I rowsort
SELECT ALL - 0 FROM tab1 AS cor0 GROUP BY cor0.col0
----
0
0
0

query I rowsort
SELECT + ( - cor0.col0 ) FROM tab0 AS cor0 GROUP BY cor0.col0
----
4294967213
4294967253
4294967270

query I rowsort
SELECT + cor0.col1 + + 60 FROM tab0 AS cor0 GROUP BY cor0.col1, cor0.col1
----
141
60

query I rowsort
SELECT + 59 AS col1 FROM tab2 AS cor0 GROUP BY cor0.col2
----
59
59
59

query I rowsort
SELECT 19 + cor0.col2 FROM tab0 AS cor0 GROUP BY col2
----
43
57
98

skipif postgresql # PostgreSQL requires AS when renaming output columns
query I rowsort
SELECT 47 col0 FROM tab1 AS cor0 GROUP BY cor0.col2, cor0.col1
----
47
47
47

query I rowsort
SELECT + 28 + - cor0.col1 FROM tab2, tab2 AS cor0 GROUP BY cor0.col1
----
4294967263
4294967265
4294967283

query I rowsort
SELECT + COALESCE ( cor0.col1, + cor0.col1 * + 55 ) AS col2 FROM tab0 AS cor0 GROUP BY cor0.col1
----
0
81

onlyif mysql # DIV for integer division:
query I rowsort label-1028
SELECT ALL 11 DIV cor0.col2 AS col2 FROM tab0 AS cor0 GROUP BY cor0.col2
----
0
0
0

query I rowsort
SELECT ALL - 47 + cor0.col2 AS col0 FROM tab2 AS cor0 GROUP BY cor0.col2
----
11
32
40

onlyif mysql # DIV for integer division:
query I rowsort label-1030
SELECT - 91 DIV - 40 FROM tab2 AS cor0 GROUP BY cor0.col1
----
2
2
2

query I rowsort
SELECT - 4 * - cor0.col0 FROM tab2 cor0 GROUP BY cor0.col0
----
364
368
60

query I rowsort
SELECT - 60 FROM tab1 AS cor0 CROSS JOIN tab0 AS cor1 GROUP BY cor1.col2
----
4294967236
4294967236
4294967236

query I rowsort
SELECT + col0 * + cor0.col0 AS col0 FROM tab0 AS cor0 GROUP BY col0
----
1849
676
6889

query I rowsort
SELECT ( - 51 ) FROM tab2 AS cor0 GROUP BY cor0.col2
----
4294967245
4294967245
4294967245

query I rowsort
SELECT - 37 FROM tab1 cor0 GROUP BY cor0.col1
----
4294967259
4294967259
4294967259

query I rowsort
SELECT - 71 FROM tab1 cor0 CROSS JOIN tab1 AS cor1 GROUP BY cor0.col0, cor1.col0
----
9 values hashing to 35291ff33e36caecb46460bfadd176dd

query I rowsort
SELECT + 84 * + cor0.col1 AS col2 FROM tab2 AS cor0 GROUP BY cor0.col2, cor0.col1
----
3444
4956
5124

query I rowsort
SELECT cor0.col2 - - 33 FROM tab2 AS cor0 GROUP BY cor0.col2
----
112
120
91

query I rowsort
SELECT ALL cor0.col2 * + 32 FROM tab2 AS cor0 GROUP BY cor0.col2
----
1856
2528
2784

query I rowsort
SELECT COALESCE ( - cor0.col0, cor0.col0 ) + - 3 AS col2 FROM tab1 AS cor0 GROUP BY cor0.col0
----
4294967211
4294967265
4294967271

query I rowsort
SELECT + 86 FROM tab0, tab2 AS cor0 GROUP BY tab0.col2
----
86
86
86

skipif postgresql # PostgreSQL requires AS when renaming output columns
query I rowsort
SELECT 13 col0 FROM tab2 AS cor0 GROUP BY cor0.col1
----
13
13
13

onlyif mysql # CAST syntax: INT type:
query I rowsort label-1059
SELECT ALL CAST( + 77 AS INT ) AS col2 FROM tab2 AS cor0 GROUP BY col0
----
77
77
77

query I rowsort
SELECT ALL ( - cor0.col1 ) AS col1 FROM tab2 cor0 GROUP BY cor0.col1
----
4294967235
4294967237
4294967255

onlyif mysql # DIV for integer division:
query I rowsort label-1063
SELECT ALL 55 DIV cor0.col1 FROM tab2 AS cor0 GROUP BY cor0.col1
----
0
0
1

query I rowsort
SELECT ALL + cor0.col2 * - 5 * - 48 + + 83 FROM tab1 AS cor0 GROUP BY cor0.col1, cor0.col2
----
10883
17123
2003

query I rowsort
SELECT 57 * cor0.col1 FROM tab1 cor0 GROUP BY cor0.col1
----
2508
3249
342

query I rowsort
SELECT + 79 FROM tab1 GROUP BY tab1.col1
----
79
79
79

query I rowsort
SELECT ALL - 8 + - col0 FROM tab0 AS cor0 GROUP BY cor0.col0
----
4294967205
4294967245
4294967262

query I rowsort
SELECT - cor0.col1 * 87 + + cor0.col1 AS col0 FROM tab1 AS cor0 GROUP BY col1
----
4294962394
4294963512
4294966780

query I rowsort
SELECT ( col2 ) * cor0.col1 FROM tab1 AS cor0 GROUP BY col2, cor0.col1
----
2565
3124
48

query I rowsort
SELECT ALL + 67 FROM tab2 AS cor0 GROUP BY cor0.col2, cor0.col0
----
67
67
67

query I rowsort
SELECT ALL 5 * 4 - cor0.col0 AS col0 FROM tab0 AS cor0 GROUP BY col0
----
4294967233
4294967273
4294967290

query I rowsort
SELECT - - cor0.col2 FROM tab0, tab2 cor0 GROUP BY cor0.col2
----
58
79
87

query I rowsort
SELECT 4 AS col2 FROM tab0 AS cor0 GROUP BY cor0.col0
----
4
4
4

onlyif mysql # DIV for integer division:
query I rowsort label-1100
SELECT ALL 44 DIV col1 AS col2 FROM tab2 AS cor0 GROUP BY cor0.col1, cor0.col2
----
0
0
1

skipif postgresql # PostgreSQL requires AS when renaming output columns
query I rowsort
SELECT - cor0.col1 col1 FROM tab2, tab2 AS cor0 GROUP BY cor0.col1
----
4294967235
4294967237
4294967255

query I rowsort
SELECT - 39 FROM tab0 AS cor0 GROUP BY cor0.col2
----
4294967257
4294967257
4294967257

query I rowsort
SELECT + 89 FROM tab2, tab0 AS cor0 GROUP BY tab2.col2
----
89
89
89

query I rowsort
SELECT 62 AS col1 FROM tab2 AS cor0 GROUP BY cor0.col1
----
62
62
62

skipif postgresql # PostgreSQL requires AS when renaming output columns
query I rowsort
SELECT + 91 col2 FROM tab0 cor0 GROUP BY col0
----
91
91
91

skipif postgresql # PostgreSQL requires AS when renaming output columns
query I rowsort
SELECT 71 * + 38 + + 21 col0 FROM tab2 AS cor0 GROUP BY cor0.col0
----
2719
2719
2719

query I rowsort
SELECT ( cor0.col0 ) - cor0.col0 FROM tab0 AS cor0 GROUP BY cor0.col0, cor0.col0
----
0
0
0

query I rowsort
SELECT + - 70 * + 86 FROM tab2, tab2 AS cor0 GROUP BY tab2.col0
----
4294961276
4294961276
4294961276

query I rowsort
SELECT ( 38 ) AS col1 FROM tab0 AS cor0 GROUP BY cor0.col1
----
38
38

onlyif mysql # DIV for integer division:
query I rowsort label-1122
SELECT ( cor0.col1 ) DIV cor0.col1 AS col0 FROM tab2 AS cor0 GROUP BY cor0.col1
----
1
1
1

query I rowsort
SELECT 76 + cor0.col0 FROM tab1 AS cor0 GROUP BY cor0.col0
----
104
158
98

query I rowsort
SELECT + 96 FROM tab0 AS cor0 GROUP BY col0
----
96
96
96

skipif postgresql # PostgreSQL requires AS when renaming output columns
query I rowsort
SELECT 19 * - cor0.col1 col0 FROM tab1 AS cor0 GROUP BY cor0.col1
----
4294966213
4294966460
4294967182

query I rowsort
SELECT - 30 FROM tab1 AS cor0 GROUP BY col2
----
4294967266
4294967266
4294967266

query I rowsort
SELECT ALL 63 * 49 FROM tab0 AS cor0 GROUP BY cor0.col1, cor0.col1
----
3087
3087

query I rowsort
SELECT 28 AS col0 FROM tab1 AS cor0 GROUP BY cor0.col0
----
28
28
28

onlyif mysql # CAST syntax: INT type:
query I rowsort label-1133
SELECT ALL cor0.col0 * + CAST( - 94 AS INT ) AS col2 FROM tab2 AS cor0 GROUP BY cor0.col0
----
4294958648
4294958742
4294965886

query I rowsort
SELECT 23 AS col0 FROM tab1 AS cor0 GROUP BY cor0.col1, cor0.col0
----
23
23
23

skipif postgresql # PostgreSQL requires AS when renaming output columns
query I rowsort
SELECT + 67 * cor0.col2 col2 FROM tab0 AS cor0 GROUP BY cor0.col2
----
1608
2546
5293

query I rowsort
SELECT + ( - 32 ) AS col0 FROM tab0, tab2 AS cor0 GROUP BY cor0.col0
----
4294967264
4294967264
4294967264

query I rowsort
SELECT cor0.col0 * + NULLIF ( cor0.col0 * + cor0.col2, cor0.col2 ) FROM tab2 cor0 GROUP BY cor0.col0, cor0.col2
----
19575
490912
654199

query I rowsort
SELECT + 26 FROM tab0 AS cor0 GROUP BY cor0.col0
----
26
26
26

query I rowsort
SELECT cor0.col0 + + cor0.col0 * 49 + - 80 AS col2 FROM tab0 AS cor0 GROUP BY cor0.col0
----
1220
2070
4070

query I rowsort
SELECT ALL + 50 * cor0.col1 FROM tab0 AS cor0 GROUP BY col1
----
0
4050

query I rowsort
SELECT 17 * cor1.col2 AS col2 FROM tab1 AS cor0 CROSS JOIN tab0 AS cor1 GROUP BY cor1.col2
----
1343
408
646

query I rowsort
SELECT ALL + 82 AS col1 FROM tab2 AS cor0 CROSS JOIN tab1 AS cor1 GROUP BY cor1.col2, cor0.col1
----
9 values hashing to f318fd9dac2de7af4b82cc7574bbca2c

query I rowsort
SELECT ALL - 92 FROM tab1 AS cor0 GROUP BY cor0.col2
----
4294967204
4294967204
4294967204

query I rowsort
SELECT + ( + 33 ) FROM tab2 GROUP BY col2
----
33
33
33

query I rowsort
SELECT cor0.col2 * 81 FROM tab1 AS cor0 GROUP BY cor0.col2
----
3645
5751
648

skipif postgresql # PostgreSQL requires AS when renaming output columns
query I rowsort
SELECT ALL 23 col1 FROM tab0 AS cor0 GROUP BY cor0.col2
----
23
23
23

skipif postgresql # PostgreSQL requires AS when renaming output columns
query I rowsort
SELECT 7 col1 FROM tab1 AS cor0 GROUP BY cor0.col1, cor0.col1
----
7
7
7

query I rowsort
SELECT 4 + + col0 + - 65 * - 12 AS col0 FROM tab0 AS cor0 GROUP BY cor0.col0
----
810
827
867

query I rowsort
SELECT cor0.col2 * cor0.col2 FROM tab1 AS cor0 GROUP BY col2
----
2025
5041
64

skipif postgresql # PostgreSQL requires AS when renaming output columns
query I rowsort
SELECT + 81 * cor0.col0 - cor0.col0 col0 FROM tab0 AS cor0 GROUP BY cor0.col0, cor0.col0, cor0.col0
----
2080
3440
6640

query I rowsort
SELECT 51 AS col2 FROM tab2 AS cor0 GROUP BY cor0.col2
----
51
51
51

query I rowsort
SELECT NULLIF ( 98 + - cor0.col2, - cor0.col0 ) FROM tab1 AS cor0 GROUP BY cor0.col0, cor0.col2
----
27
53
90

query I rowsort
SELECT 96 AS col2 FROM tab2 GROUP BY tab2.col1
----
96
96
96

skipif postgresql # PostgreSQL requires AS when renaming output columns
query I rowsort
SELECT 13 * 29 col0 FROM tab2 AS cor0 GROUP BY col1
----
377
377
377

skipif postgresql # PostgreSQL requires AS when renaming output columns
query I rowsort
SELECT + 58 - cor0.col1 col1 FROM tab1 AS cor0 GROUP BY cor0.col1
----
1
14
52

query I rowsort
SELECT + cor0.col0 AS col0 FROM tab0 cor0 GROUP BY cor0.col0, col1
----
26
43
83

query I rowsort
SELECT ALL - NULLIF ( 37, col2 ) AS col0 FROM tab2 AS cor0 GROUP BY cor0.col2
----
4294967259
4294967259
4294967259

query I rowsort
SELECT + 55 * + 88 * + tab2.col2 AS col1 FROM tab2 GROUP BY tab2.col2
----
280720
382360
421080

query I rowsort
SELECT cor0.col0 * - 13 FROM tab0 AS cor0 GROUP BY cor0.col1, cor0.col0
----
4294966217
4294966737
4294966958

query I rowsort
SELECT ( 13 ) AS col2 FROM tab2, tab2 AS cor0 GROUP BY cor0.col1
----
13
13
13

query I rowsort
SELECT - ( 14 ) FROM tab2, tab2 AS cor0 GROUP BY cor0.col1
----
4294967282
4294967282
4294967282

query I rowsort
SELECT ALL - 7 FROM tab2 AS cor0 GROUP BY cor0.col0
----
4294967289
4294967289
4294967289

query I rowsort
SELECT cor0.col2 + 84 AS col1 FROM tab2 AS cor0 GROUP BY col0, cor0.col2
----
142
163
171

query I rowsort
SELECT + 53 AS col2 FROM tab0 AS cor0 GROUP BY col1, cor0.col1
----
53
53

query I rowsort
SELECT cor0.col2 - - 78 FROM tab0 AS cor0 GROUP BY cor0.col2
----
102
116
157

query I rowsort
SELECT ALL - 66 AS col2 FROM tab0, tab0 AS cor0, tab2 AS cor1 GROUP BY tab0.col0
----
4294967230
4294967230
4294967230

query I rowsort
SELECT - cor0.col0 * 21 AS col1 FROM tab1 AS cor0 GROUP BY cor0.col0
----
4294965574
4294966708
4294966834

query I rowsort
SELECT ALL 55 AS col2 FROM tab0 AS cor0 GROUP BY cor0.col0
----
55
55
55

query I rowsort
SELECT ALL + 5 FROM tab0 AS cor0 GROUP BY col0
----
5
5
5

onlyif mysql # DIV for integer division:
query I rowsort label-1198
SELECT ALL + cor0.col1 * 2 DIV + 16 + + cor0.col1 * - cor0.col1 AS col2 FROM tab2 AS cor0 GROUP BY cor0.col1, cor0.col2
----
4294963582
4294963822
4294965620

query I rowsort
SELECT ALL + 98 AS col0 FROM tab1 AS cor0 GROUP BY cor0.col1, cor0.col2
----
98
98
98

query I rowsort
SELECT + col2 * cor0.col1 FROM tab0 AS cor0 GROUP BY col1, cor0.col2
----
0
0
1944

query I rowsort
SELECT + cor1.col1 AS col0 FROM tab0 AS cor0 CROSS JOIN tab2 AS cor1 GROUP BY cor1.col1, cor0.col2
----
9 values hashing to ad2e5fa6d094292bda21bf46c78171b8

query I rowsort
SELECT ALL - 1 AS col1 FROM tab2, tab0 AS cor0 GROUP BY cor0.col2
----
4294967295
4294967295
4294967295

query I rowsort
SELECT ALL 3 FROM tab0 AS cor0 GROUP BY cor0.col0, col2
----
3
3
3

query I rowsort
SELECT ALL + 77 FROM tab2, tab0 AS cor0 GROUP BY cor0.col2
----
77
77
77

query I rowsort
SELECT ALL + 97 * cor0.col2 + 37 * + 95 AS col2 FROM tab0 AS cor0 GROUP BY cor0.col2
----
11178
5843
7201

query I rowsort
SELECT ALL + ( 75 ) AS col0 FROM tab0 AS cor0 GROUP BY cor0.col0
----
75
75
75

query I rowsort
SELECT + 93 + - cor0.col0 FROM tab1 AS cor0 GROUP BY cor0.col0
----
11
65
71

query I rowsort
SELECT 82 + 88 AS col1 FROM tab2 cor0 GROUP BY cor0.col0
----
170
170
170

query I rowsort
SELECT - 70 AS col1 FROM tab1 AS cor0 GROUP BY col2
----
4294967226
4294967226
4294967226

query I rowsort
SELECT ALL - 20 FROM tab1 AS cor0 GROUP BY col0
----
4294967276
4294967276
4294967276

skipif postgresql # PostgreSQL requires AS when renaming output columns
query I rowsort
SELECT ALL + cor0.col1 + - cor0.col1 - 66 * - cor0.col0 col1 FROM tab1 AS cor0 GROUP BY cor0.col0, cor0.col1
----
1452
1848
5412

query I rowsort
SELECT - 84 * + 87 FROM tab1, tab0 AS cor0 GROUP BY tab1.col1
----
4294959988
4294959988
4294959988

query I rowsort
SELECT - 29 FROM tab0 cor0 GROUP BY cor0.col0
----
4294967267
4294967267
4294967267

query I rowsort
SELECT - 19 AS col1 FROM tab1 AS cor0 GROUP BY col2
----
4294967277
4294967277
4294967277

query I rowsort
SELECT ALL + col1 + tab1.col1 AS col2 FROM tab1 GROUP BY col1
----
114
12
88

query I rowsort
SELECT ALL - cor1.col0 * cor1.col1 * - 76 FROM tab1 AS cor0 CROSS JOIN tab2 cor1 GROUP BY cor1.col0, cor1.col1
----
286672
408044
69540

query I rowsort
SELECT - 27 + - 94 FROM tab1 AS cor0 GROUP BY cor0.col0
----
4294967175
4294967175
4294967175

query I rowsort
SELECT ALL 71 * - 76 FROM tab0 AS cor0 GROUP BY cor0.col0
----
4294961900
4294961900
4294961900

query I rowsort
SELECT ALL + 27 AS col2 FROM tab1 AS cor0 GROUP BY cor0.col0
----
27
27
27

query I rowsort
SELECT 39 AS col2 FROM tab2, tab0 cor0 GROUP BY cor0.col0
----
39
39
39

skipif postgresql # PostgreSQL requires AS when renaming output columns
query I rowsort
SELECT ALL + 98 col1 FROM tab0 cor0 GROUP BY cor0.col0
----
98
98
98

query I rowsort
SELECT + 82 AS col0 FROM tab2 AS cor0 GROUP BY cor0.col1
----
82
82
82

query I rowsort
SELECT + 37 * cor0.col1 FROM tab0 AS cor0 GROUP BY cor0.col1
----
0
2997

query I rowsort
SELECT NULLIF ( 38, cor0.col0 ) + - cor0.col0 FROM tab0 AS cor0 GROUP BY cor0.col0
----
12
4294967251
4294967291

query I rowsort
SELECT ALL NULLIF ( - cor0.col1, + cor0.col1 ) FROM tab1 AS cor0 GROUP BY cor0.col1
----
4294967239
4294967252
4294967290

query I rowsort
SELECT 64 AS col0 FROM tab2, tab1 AS cor0, tab1 AS cor1 GROUP BY cor1.col1
----
64
64
64

query I rowsort
SELECT ( - cor0.col1 ) AS col2 FROM tab2 cor0 GROUP BY cor0.col1
----
4294967235
4294967237
4294967255

query I rowsort
SELECT - 33 AS col1 FROM tab2 AS cor0 GROUP BY col2
----
4294967263
4294967263
4294967263

query I rowsort
SELECT - 17 FROM tab1 AS cor0 GROUP BY cor0.col0
----
4294967279
4294967279
4294967279

query I rowsort
SELECT ALL - - 32 AS col2 FROM tab0, tab2 cor0 GROUP BY tab0.col2
----
32
32
32

query I rowsort
SELECT ( - col1 * - col1 ) FROM tab2 AS cor0 GROUP BY cor0.col1
----
1681
3481
3721

query I rowsort
SELECT + 99 FROM tab2 AS cor0 GROUP BY cor0.col0
----
99
99
99

skipif postgresql # PostgreSQL requires AS when renaming output columns
query I rowsort
SELECT 84 col0 FROM tab2 AS cor0 GROUP BY cor0.col2
----
84
84
84

query I rowsort
SELECT 68 FROM tab1 AS cor0 GROUP BY cor0.col2, col2
----
68
68
68

query I rowsort
SELECT - 11 FROM tab0 AS cor0 GROUP BY cor0.col2
----
4294967285
4294967285
4294967285

query I rowsort
SELECT ALL + 52 FROM tab0 GROUP BY col2
----
52
52
52

query I rowsort
SELECT ALL cor0.col1 FROM tab1 AS cor0 GROUP BY cor0.col2, cor0.col1
----
44
57
6

query I rowsort
SELECT + 76 FROM tab2 AS cor0 GROUP BY cor0.col1
----
76
76
76

skipif postgresql # PostgreSQL requires AS when renaming output columns
query I rowsort
SELECT ALL - 61 col2 FROM tab1 AS cor0 GROUP BY cor0.col2
----
4294967235
4294967235
4294967235

skipif postgresql # PostgreSQL requires AS when renaming output columns
query I rowsort
SELECT ALL - NULLIF ( 31, cor0.col0 ) col2 FROM tab1 cor0 GROUP BY cor0.col0
----
4294967265
4294967265
4294967265

query I rowsort
SELECT ALL - 3 AS col0 FROM tab2, tab2 AS cor0 GROUP BY cor0.col0
----
4294967293
4294967293
4294967293

query I rowsort
SELECT ALL + 17 FROM tab2 AS cor0 GROUP BY cor0.col0
----
17
17
17

query I rowsort
SELECT col1 + 30 FROM tab0 AS cor0 GROUP BY cor0.col1
----
111
30

skipif postgresql # PostgreSQL requires AS when renaming output columns
query I rowsort
SELECT ALL - 54 + cor0.col2 col2 FROM tab2 AS cor0 GROUP BY cor0.col1, cor0.col2
----
25
33
4

query I rowsort
SELECT - cor0.col1 * - cor0.col1 FROM tab1 AS cor0 GROUP BY cor0.col0, cor0.col1
----
1936
3249
36

query I rowsort
SELECT - 44 FROM tab1 AS cor0 GROUP BY col2, cor0.col0
----
4294967252
4294967252
4294967252

skipif postgresql # PostgreSQL requires AS when renaming output columns
query I rowsort
SELECT ALL 12 col0 FROM tab0 AS cor0 GROUP BY cor0.col2
----
12
12
12

query I rowsort
SELECT cor0.col0 * 44 FROM tab1 cor0 GROUP BY cor0.col0
----
1232
3608
968

query I rowsort
SELECT + 81 AS col1 FROM tab2, tab1 AS cor0 GROUP BY tab2.col1
----
81
81
81

query I rowsort
SELECT ALL - 25 FROM tab0 GROUP BY tab0.col2
----
4294967271
4294967271
4294967271

query I rowsort
SELECT + 79 AS col1 FROM tab2 AS cor0 GROUP BY col2
----
79
79
79

query I rowsort
SELECT 90 FROM tab1 cor0 GROUP BY cor0.col2
----
90
90
90

query I rowsort
SELECT ALL - 61 FROM tab0 AS cor0 GROUP BY cor0.col0
----
4294967235
4294967235
4294967235

query I rowsort
SELECT 18 + + col1 * cor0.col0 FROM tab1 AS cor0 GROUP BY cor0.col1, cor0.col0
----
150
1614
3626

skipif postgresql # PostgreSQL requires AS when renaming output columns
query I rowsort
SELECT - 0 col0 FROM tab0 AS cor0 GROUP BY cor0.col0
----
0
0
0

query I rowsort
SELECT ALL ( - 23 + + col1 * - cor0.col1 ) FROM tab1 AS cor0 GROUP BY cor0.col1
----
4294964024
4294965337
4294967237

query I rowsort
SELECT - 73 FROM tab2 AS cor0 GROUP BY cor0.col1
----
4294967223
4294967223
4294967223

query I rowsort
SELECT ALL cor0.col2 * cor0.col2 FROM tab1 cor0 GROUP BY cor0.col2
----
2025
5041
64

query I rowsort
SELECT ALL cor0.col2 + cor0.col0 * cor0.col0 - + cor0.col2 FROM tab1 cor0 GROUP BY col0, cor0.col2
----
484
6724
784

query I rowsort
SELECT ALL 59 + cor0.col2 + + 18 * cor0.col2 FROM tab1 AS cor0 GROUP BY cor0.col0, cor0.col1, cor0.col2
----
1408
211
914

skipif postgresql # PostgreSQL requires AS when renaming output columns
query I rowsort
SELECT cor0.col0 col2 FROM tab0 cor0 GROUP BY cor0.col0
----
26
43
83

query I rowsort
SELECT - cor0.col1 * + 47 + - cor0.col1 FROM tab1 AS cor0 GROUP BY cor0.col1
----
4294964560
4294965184
4294967008

query I rowsort
SELECT + 80 FROM tab0, tab2 AS cor0 GROUP BY cor0.col1
----
80
80
80

query I rowsort
SELECT - 27 AS col1 FROM tab2 AS cor0 GROUP BY cor0.col0
----
4294967269
4294967269
4294967269

query I rowsort
SELECT ALL 32 AS col2 FROM tab1 AS cor0 GROUP BY cor0.col0
----
32
32
32

query I rowsort
SELECT ALL 70 AS col2 FROM tab2 AS cor0 GROUP BY cor0.col2, cor0.col1
----
70
70
70

query I rowsort
SELECT cor0.col2 + 1 FROM tab0 cor0 GROUP BY cor0.col2
----
25
39
80

query I rowsort
SELECT + col0 - cor0.col2 FROM tab2 AS cor0 GROUP BY col2, cor0.col0
----
12
34
4294967224

query I rowsort
SELECT 14 AS col2 FROM tab2 AS cor0 GROUP BY cor0.col2
----
14
14
14

query I rowsort
SELECT + ( + cor0.col2 ) AS col1 FROM tab0 AS cor0 GROUP BY cor0.col2, col0
----
24
38
79

onlyif mysql # DIV for integer division:
query I rowsort label-1316
SELECT 1 DIV cor0.col2 FROM tab1 AS cor0 GROUP BY cor0.col2, cor0.col1
----
0
0
0

query I rowsort
SELECT ALL - 0 FROM tab0 AS cor0 CROSS JOIN tab2 cor1 GROUP BY cor1.col2
----
0
0
0

query I rowsort
SELECT 22 FROM tab0 AS cor0 GROUP BY col1, cor0.col1
----
22
22

query I rowsort
SELECT ALL 49 AS col1 FROM tab0 AS cor0 GROUP BY cor0.col1
----
49
49

skipif postgresql # PostgreSQL requires AS when renaming output columns
query I rowsort
SELECT 52 - + cor0.col2 * - cor0.col2 col2 FROM tab2 AS cor0 GROUP BY cor0.col2
----
3416
6293
7621

query I rowsort
SELECT + + 48 * - tab1.col0 FROM tab1 GROUP BY tab1.col0
----
4294963360
4294965952
4294966240

query I rowsort
SELECT + 22 + + 64 AS col1 FROM tab0 GROUP BY tab0.col2
----
86
86
86

query I rowsort
SELECT 10 * - cor0.col2 AS col0 FROM tab1 AS cor0 GROUP BY cor0.col2
----
4294966586
4294966846
4294967216

skipif postgresql # PostgreSQL requires AS when renaming output columns
query I rowsort
SELECT 57 + col2 col0 FROM tab2 cor0 GROUP BY cor0.col2
----
115
136
144

query I rowsort
SELECT + 20 FROM tab0, tab2 cor0 GROUP BY cor0.col1
----
20
20
20

skipif postgresql # PostgreSQL requires AS when renaming output columns
query I rowsort
SELECT - ( 55 ) col0 FROM tab0 AS cor0 GROUP BY cor0.col0
----
4294967241
4294967241
4294967241

skipif postgresql # PostgreSQL requires AS when renaming output columns
query I rowsort
SELECT ALL + 91 col0 FROM tab2 AS cor0 GROUP BY cor0.col0
----
91
91
91

query I rowsort
SELECT ALL + 80 AS col2 FROM tab0 AS cor0 GROUP BY cor0.col1
----
80
80

query I rowsort
SELECT - 13 * col1 AS col1 FROM tab1 AS cor0 GROUP BY cor0.col1, cor0.col1
----
4294966555
4294966724
4294967218

skipif postgresql # PostgreSQL requires AS when renaming output columns
query I rowsort
SELECT ALL 6 col2 FROM tab2 AS cor0 GROUP BY cor0.col0
----
6
6
6

query I rowsort
SELECT 68 AS col2 FROM tab0 AS cor0 GROUP BY cor0.col2
----
68
68
68

skipif postgresql # PostgreSQL requires AS when renaming output columns
query I rowsort
SELECT + + 55 col2 FROM tab1, tab0 AS cor0 GROUP BY cor0.col0
----
55
55
55

query I rowsort
SELECT 58 * 66 + - cor0.col1 FROM tab0 AS cor0 GROUP BY cor0.col1
----
3747
3828

onlyif mysql # DIV for integer division:
query I rowsort label-1347
SELECT 83 DIV + 48 FROM tab2 AS cor0 GROUP BY cor0.col2
----
1
1
1

query I rowsort
SELECT ALL 92 AS col2 FROM tab1, tab0 AS cor0 GROUP BY cor0.col2
----
92
92
92

query I rowsort
SELECT - 66 FROM tab2 AS cor0 GROUP BY col2
----
4294967230
4294967230
4294967230

query I rowsort
SELECT 78 AS col2 FROM tab1 cor0 GROUP BY cor0.col0
----
78
78
78

query I rowsort
SELECT ALL cor0.col1 + 4 AS col2 FROM tab2 cor0 GROUP BY cor0.col1
----
45
63
65

query I rowsort
SELECT ALL + 67 + cor0.col0 AS col1 FROM tab1 AS cor0 GROUP BY cor0.col0
----
149
89
95

query I rowsort
SELECT 9 AS col2 FROM tab0 AS cor0 GROUP BY cor0.col2, cor0.col0
----
9
9
9

query I rowsort
SELECT - NULLIF ( 25, 24 ) FROM tab0, tab1 AS cor0 GROUP BY cor0.col2
----
4294967271
4294967271
4294967271

query I rowsort
SELECT - cor0.col0 + 13 FROM tab0, tab2 AS cor0 GROUP BY cor0.col0
----
4294967217
4294967218
4294967294

query I rowsort
SELECT + 81 FROM tab2, tab2 AS cor0, tab2 AS cor1 GROUP BY cor1.col0
----
81
81
81

query I rowsort
SELECT + 70 FROM tab1 cor0 GROUP BY cor0.col0
----
70
70
70

query I rowsort
SELECT - 76 FROM tab0 AS cor0 GROUP BY cor0.col0
----
4294967220
4294967220
4294967220

query I rowsort
SELECT ALL 27 FROM tab0 AS cor0 GROUP BY cor0.col0
----
27
27
27

query I rowsort
SELECT - 57 * - col1 FROM tab0 AS cor0 GROUP BY cor0.col1
----
0
4617

query I rowsort
SELECT + cor0.col2 + - cor0.col0 * + 13 AS col0 FROM tab2 cor0 GROUP BY cor0.col2, cor0.col0
----
4294966158
4294966192
4294967188

query I rowsort
SELECT 11 * + 39 AS col0 FROM tab0 cor0 GROUP BY cor0.col1
----
429
429

query I rowsort
SELECT ALL COALESCE ( cor0.col0, cor0.col0 ) - + cor0.col0 * + 64 FROM tab1 AS cor0 GROUP BY cor0.col0, col0
----
4294962130
4294965532
4294965910

query I rowsort
SELECT ALL 70 FROM tab0, tab2 AS cor0 GROUP BY cor0.col1
----
70
70
70

query I rowsort
SELECT ALL + 56 * - cor0.col1 AS col1 FROM tab1 AS cor0 GROUP BY cor0.col2, col1
----
4294964104
4294964832
4294966960

query I rowsort
SELECT 31 AS col1 FROM tab1 GROUP BY tab1.col0
----
31
31
31

onlyif mysql # DIV for integer division:
query I rowsort label-1410
SELECT cor0.col1 DIV 85 AS col0 FROM tab0 cor0 GROUP BY cor0.col1
----
0
0

query I rowsort
SELECT + - 76 FROM tab1, tab2 AS cor0 GROUP BY tab1.col2
----
4294967220
4294967220
4294967220

query I rowsort
SELECT ALL - 75 FROM tab2 GROUP BY tab2.col2
----
4294967221
4294967221
4294967221

onlyif mysql # DIV for integer division:
query I rowsort label-1416
SELECT ALL - 51 DIV 67 FROM tab0 AS cor0 GROUP BY cor0.col1
----
0
0

query I rowsort
SELECT cor0.col1 * cor0.col1 FROM tab1 AS cor0 GROUP BY cor0.col1
----
1936
3249
36

query I rowsort
SELECT - cor0.col2 * 61 FROM tab0 AS cor0 GROUP BY cor0.col2
----
4294962477
4294964978
4294965832

query I rowsort
SELECT + 79 FROM tab0 AS cor0 GROUP BY cor0.col1
----
79
79

query I rowsort
SELECT - ( - 10 ) * + cor0.col2 FROM tab2 AS cor0 GROUP BY cor0.col2
----
580
790
870

query I rowsort
SELECT + 56 + - 22 + - cor0.col0 * cor0.col0 AS col2 FROM tab2 AS cor0 GROUP BY cor0.col0
----
4294958866
4294959049
4294967105

query I rowsort
SELECT ALL + col0 * + 94 FROM tab2 AS cor0 GROUP BY cor0.col0
----
1410
8554
8648

query I rowsort
SELECT ALL cor0.col2 * + 39 AS col1 FROM tab1 AS cor0 GROUP BY col2
----
1755
2769
312

query I rowsort
SELECT 89 AS col0 FROM tab1 AS cor0 GROUP BY col1
----
89
89
89

query I rowsort
SELECT ALL 21 AS col1 FROM tab2 AS cor0 GROUP BY cor0.col1, cor0.col2
----
21
21
21

query I rowsort
SELECT cor0.col1 * + cor0.col1 * cor0.col1 AS col2 FROM tab0 AS cor0 GROUP BY cor0.col1
----
0
531441

query I rowsort
SELECT 14 FROM tab0 GROUP BY tab0.col1
----
14
14

onlyif mysql # DIV for integer division:
query I rowsort label-1439
SELECT - 86 + - 7 DIV cor0.col2 FROM tab0 AS cor0 GROUP BY cor0.col2
----
4294967210
4294967210
4294967210

query I rowsort
SELECT - cor0.col2 + cor0.col2 FROM tab1 AS cor0 GROUP BY cor0.col2
----
0
0
0

query I rowsort
SELECT ALL 5 + 81 AS col2 FROM tab1 GROUP BY tab1.col2
----
86
86
86

query I rowsort
SELECT ALL col1 AS col2 FROM tab1 AS cor0 GROUP BY cor0.col1
----
44
57
6

query I rowsort
SELECT ALL + cor0.col2 * COALESCE ( cor0.col2 * - cor0.col0, - cor0.col2 ) FROM tab0 cor0 GROUP BY cor0.col0, cor0.col2
----
4294805030
4294847444
4294942528

query I rowsort
SELECT + 46 FROM tab0 AS cor0 GROUP BY cor0.col1
----
46
46

query I rowsort
SELECT 73 FROM tab0 AS cor0 GROUP BY cor0.col1
----
73
73

query I rowsort
SELECT 29 FROM tab2 AS cor0 GROUP BY cor0.col1
----
29
29
29

query I rowsort
SELECT ALL 6 + cor0.col0 + - 45 FROM tab0 cor0 GROUP BY cor0.col0, col2
----
4
4294967283
44

query I rowsort
SELECT ALL cor0.col0 * + cor0.col0 FROM tab2 cor0 GROUP BY col0
----
225
8281
8464

query I rowsort
SELECT cor0.col2 - 34 FROM tab0 AS cor0 GROUP BY cor0.col2
----
4
4294967286
45

query I rowsort
SELECT 5 * cor0.col2 + 64 FROM tab0 AS cor0 GROUP BY col2
----
184
254
459

skipif postgresql # PostgreSQL requires AS when renaming output columns
query I rowsort
SELECT - 78 col0 FROM tab0 AS cor0 GROUP BY cor0.col2
----
4294967218
4294967218
4294967218

query I rowsort
SELECT ALL + 22 AS col0 FROM tab0 AS cor0 GROUP BY cor0.col1
----
22
22

query I rowsort
SELECT 66 FROM tab0 AS cor0 GROUP BY cor0.col0
----
66
66
66

query I rowsort
SELECT ALL 42 - col0 FROM tab1 AS cor0 GROUP BY col0
----
14
20
4294967256

onlyif mysql # CAST syntax: INT type:
query I rowsort label-1468
SELECT CAST( 96 AS INT ) AS col2 FROM tab2 GROUP BY tab2.col1
----
96
96
96

skipif postgresql # PostgreSQL requires AS when renaming output columns
query I rowsort
SELECT ALL + 55 col2 FROM tab2 AS cor0 GROUP BY cor0.col2
----
55
55
55

query I rowsort
SELECT ALL cor0.col0 + 55 AS col2 FROM tab2 cor0 GROUP BY cor0.col0
----
146
147
70

query I rowsort
SELECT + - 26 FROM tab2 GROUP BY tab2.col1
----
4294967270
4294967270
4294967270

query I rowsort
SELECT - 31 AS col0 FROM tab0, tab2 AS cor0 GROUP BY tab0.col1
----
4294967265
4294967265

query I rowsort
SELECT - 96 + - col2 FROM tab0 AS cor0 GROUP BY cor0.col2
----
4294967121
4294967162
4294967176

query I rowsort
SELECT 86 FROM tab0, tab0 AS cor0, tab1 AS cor1 GROUP BY tab0.col1
----
86
86

query I rowsort
SELECT - 83 FROM tab1 GROUP BY tab1.col2
----
4294967213
4294967213
4294967213

query I rowsort
SELECT ALL cor0.col1 * cor0.col1 * + 12 FROM tab2 AS cor0 GROUP BY col1
----
20172
41772
44652

query I rowsort
SELECT ALL cor0.col1 - + col0 * + col1 AS col2 FROM tab1 AS cor0 GROUP BY cor0.col0, cor0.col1
----
4294963732
4294965757
4294967170

query I rowsort
SELECT 51 FROM tab2 AS cor0 GROUP BY cor0.col0
----
51
51
51

skipif postgresql # PostgreSQL requires AS when renaming output columns
query I rowsort
SELECT ALL + cor0.col0 * - 17 col1 FROM tab0 AS cor0 GROUP BY cor0.col0
----
4294965885
4294966565
4294966854

query I rowsort
SELECT 53 FROM tab2 AS cor0 GROUP BY cor0.col1
----
53
53
53

query I rowsort
SELECT 48 AS col0 FROM tab1 AS cor0 GROUP BY cor0.col1
----
48
48
48

query I rowsort
SELECT ALL - 84 * cor0.col0 AS col2 FROM tab0 AS cor0 GROUP BY cor0.col0
----
4294960324
4294963684
4294965112

query I rowsort
SELECT 40 AS col0 FROM tab0 AS cor0 GROUP BY cor0.col1, cor0.col2
----
40
40
40

query I rowsort
SELECT + 20 * - 41 AS col0 FROM tab2 AS cor0 GROUP BY cor0.col1
----
4294966476
4294966476
4294966476

query I rowsort
SELECT - 45 AS col2 FROM tab2 AS cor0 GROUP BY cor0.col1, col0
----
4294967251
4294967251
4294967251

query I rowsort
SELECT cor0.col1 AS col0 FROM tab2 AS cor0 GROUP BY cor0.col2, cor0.col1, cor0.col1
----
41
59
61

query I rowsort
SELECT + tab0.col2 * 63 FROM tab0, tab0 AS cor0 GROUP BY tab0.col2
----
1512
2394
4977

query I rowsort
SELECT 10 FROM tab2, tab1 AS cor0, tab2 AS cor1 GROUP BY cor0.col0
----
10
10
10

onlyif mysql # CAST syntax: INT type:
query I rowsort label-1512
SELECT + cor0.col1 + CAST( + 15 AS INT ) AS col0 FROM tab1 AS cor0 GROUP BY col1, col1
----
21
59
72

query I rowsort
SELECT + 36 * cor0.col2 FROM tab0 AS cor0 GROUP BY cor0.col2
----
1368
2844
864

query I rowsort
SELECT ALL - 83 * - cor0.col0 AS col1 FROM tab1 AS cor0 GROUP BY cor0.col0
----
1826
2324
6806

query I rowsort
SELECT + ( cor0.col2 * 88 ) FROM tab1 AS cor0 GROUP BY cor0.col2, cor0.col1, col2
----
3960
6248
704

query I rowsort
SELECT ALL - ( - 2 ) FROM tab0 AS cor0 GROUP BY cor0.col1
----
2
2

query I rowsort
SELECT ALL cor0.col1 * 13 FROM tab2 AS cor0 GROUP BY cor0.col1
----
533
767
793

query I rowsort
SELECT ALL + cor0.col2 AS col0 FROM tab1 cor0 GROUP BY cor0.col2
----
45
71
8

onlyif mysql # DIV for integer division:
query I rowsort label-1519
SELECT - tab0.col2 DIV - 14 FROM tab0 GROUP BY tab0.col2
----
1
2
5

query I rowsort
SELECT - cor0.col0 FROM tab0 AS cor0 GROUP BY col0, col0
----
4294967213
4294967253
4294967270

query I rowsort
SELECT + 70 AS col1 FROM tab1 AS cor0 GROUP BY cor0.col2
----
70
70
70

skipif postgresql # PostgreSQL requires AS when renaming output columns
query I rowsort
SELECT ALL + cor0.col0 col1 FROM tab0 AS cor0 GROUP BY cor0.col0, cor0.col1
----
26
43
83

query I rowsort
SELECT 60 FROM tab1 AS cor0 GROUP BY col0
----
60
60
60

query I rowsort
SELECT - ( cor0.col2 * 92 ) AS col2 FROM tab2 AS cor0 GROUP BY col1, cor0.col2, cor0.col1
----
4294959292
4294960028
4294961960

query I rowsort
SELECT ALL - - 80 + cor0.col2 + cor0.col2 AS col0 FROM tab1, tab0 AS cor0 GROUP BY cor0.col2
----
128
156
238

query I rowsort
SELECT + 55 FROM tab1 AS cor0 GROUP BY cor0.col0
----
55
55
55

query I rowsort
SELECT ALL + 88 AS col1 FROM tab1 GROUP BY tab1.col0
----
88
88
88

query I rowsort
SELECT + 33 FROM tab0 AS cor0 GROUP BY cor0.col1
----
33
33

query I rowsort
SELECT - 77 FROM tab0 AS cor0 GROUP BY col2
----
4294967219
4294967219
4294967219

query I rowsort
SELECT ALL ( ( col0 ) ) FROM tab2 AS cor0 GROUP BY cor0.col0
----
15
91
92

query I rowsort
SELECT ( + 88 ) AS col0 FROM tab1 AS cor0 GROUP BY cor0.col2
----
88
88
88

query I rowsort
SELECT ALL + 18 + + cor0.col0 AS col0 FROM tab0 AS cor0 GROUP BY cor0.col0
----
101
44
61

query I rowsort
SELECT - 39 * - 21 FROM tab1 GROUP BY col1
----
819
819
819

query I rowsort
SELECT 25 * + col1 FROM tab0 AS cor0 GROUP BY cor0.col1
----
0
2025

query I rowsort
SELECT 71 AS col1 FROM tab0 AS cor0 GROUP BY cor0.col1, cor0.col1
----
71
71

query I rowsort
SELECT cor0.col1 * - 16 AS col2 FROM tab0 AS cor0 GROUP BY cor0.col1
----
0
4294966000

query I rowsort
SELECT + 13 - - cor0.col0 AS col0 FROM tab1 AS cor0 GROUP BY cor0.col0
----
35
41
95

query I rowsort
SELECT - + 82 FROM tab1 GROUP BY tab1.col2
----
4294967214
4294967214
4294967214

query I rowsort
SELECT + 76 AS col2 FROM tab1 AS cor0 GROUP BY col0, cor0.col1
----
76
76
76

query I rowsort
SELECT 45 * + 2 FROM tab2 AS cor0 GROUP BY cor0.col0
----
90
90
90

skipif postgresql # PostgreSQL requires AS when renaming output columns
query I rowsort
SELECT ALL - 48 col2 FROM tab1 GROUP BY col0
----
4294967248
4294967248
4294967248

query I rowsort
SELECT ALL - cor0.col1 * 29 FROM tab1 cor0 GROUP BY cor0.col1, cor0.col1
----
4294965643
4294966020
4294967122

query I rowsort
SELECT - 98 FROM tab2 AS cor0 GROUP BY cor0.col1
----
4294967198
4294967198
4294967198

onlyif mysql # CAST syntax: INT type:
query I rowsort label-1572
SELECT CAST( - cor0.col1 AS INT ) * - col1 FROM tab1 AS cor0 GROUP BY cor0.col1
----
1936
3249
36

query I rowsort
SELECT + 6 AS col1 FROM tab0 GROUP BY tab0.col2
----
6
6
6

query I rowsort
SELECT + cor0.col0 + cor0.col0 FROM tab2 AS cor0 GROUP BY col0
----
182
184
30

query I rowsort
SELECT ALL - 89 FROM tab2 AS cor0 GROUP BY cor0.col1
----
4294967207
4294967207
4294967207

query I rowsort
SELECT + 38 * 34 AS col1 FROM tab0, tab2 AS cor0 GROUP BY tab0.col0
----
1292
1292
1292

skipif postgresql # PostgreSQL requires AS when renaming output columns
query I rowsort
SELECT 48 col2 FROM tab1 cor0 GROUP BY cor0.col1
----
48
48
48

query I rowsort
SELECT ALL 42 AS col2 FROM tab0 cor0 GROUP BY cor0.col1
----
42
42

query I rowsort
SELECT 37 AS col1 FROM tab0 cor0 GROUP BY cor0.col0
----
37
37
37

query I rowsort
SELECT - 99 * + cor1.col2 AS col1 FROM tab1, tab1 AS cor0, tab2 AS cor1 GROUP BY cor1.col2
----
4294958683
4294959475
4294961554

query I rowsort
SELECT + 11 FROM tab2 AS cor0 GROUP BY cor0.col2
----
11
11
11

query I rowsort
SELECT + cor0.col2 + 82 AS col2 FROM tab2 AS cor0 GROUP BY cor0.col2, cor0.col1
----
140
161
169

query I rowsort
SELECT + - cor1.col1 * 10 FROM tab1, tab0 AS cor0, tab0 AS cor1 GROUP BY cor1.col1
----
0
4294966486

query I rowsort
SELECT col1 FROM tab0 cor0 GROUP BY cor0.col1, col2
----
0
0
81

query I rowsort
SELECT - 8 + + cor0.col2 FROM tab1 AS cor0 GROUP BY cor0.col2, cor0.col2
----
0
37
63

query I rowsort
SELECT 37 FROM tab0 AS cor0 GROUP BY cor0.col0
----
37
37
37

query I rowsort
SELECT - - 15 AS col1 FROM tab2 GROUP BY tab2.col2
----
15
15
15

query I rowsort
SELECT 96 + cor0.col2 * ( - 49 ) - cor0.col2 FROM tab0 AS cor0 GROUP BY cor0.col2, cor0.col0
----
4294963442
4294965492
4294966192

query I rowsort
SELECT ALL + 69 AS col0 FROM tab0 AS cor0 GROUP BY cor0.col1
----
69
69

query I rowsort
SELECT ALL ( - col1 ) FROM tab1 cor0 GROUP BY cor0.col1
----
4294967239
4294967252
4294967290

query I rowsort
SELECT 47 AS col1 FROM tab0 AS cor0 GROUP BY cor0.col2
----
47
47
47

query I rowsort
SELECT + - 36 FROM tab1, tab0 AS cor0 GROUP BY tab1.col0
----
4294967260
4294967260
4294967260

query I rowsort
SELECT ALL - ( cor0.col0 ) AS col2 FROM tab0 cor0 GROUP BY cor0.col0
----
4294967213
4294967253
4294967270

onlyif mysql # DIV for integer division:
query I rowsort label-1622
SELECT ALL cor0.col2 DIV 83 - - 50 * cor0.col2 AS col1 FROM tab1 AS cor0 GROUP BY cor0.col2
----
2250
3550
400

query I rowsort
SELECT - col2 + + 26 FROM tab0 AS cor0 GROUP BY cor0.col2
----
2
4294967243
4294967284

query I rowsort
SELECT 55 FROM tab2 AS cor0 GROUP BY cor0.col0, cor0.col1
----
55
55
55

skipif postgresql # PostgreSQL requires AS when renaming output columns
query I rowsort
SELECT ALL - 34 + cor0.col1 col1 FROM tab1 cor0 GROUP BY cor0.col1
----
10
23
4294967268

query I rowsort
SELECT ALL - 92 * + cor0.col1 AS col2 FROM tab0 AS cor0 GROUP BY cor0.col1
----
0
4294959844

query I rowsort
SELECT - 4 AS col2 FROM tab2, tab1 cor0 GROUP BY cor0.col1
----
4294967292
4294967292
4294967292

query I rowsort
SELECT 70 AS col0 FROM tab2 cor0 GROUP BY cor0.col2, cor0.col2
----
70
70
70

query I rowsort
SELECT ALL - 36 FROM tab2, tab0 AS cor0, tab1 AS cor1 GROUP BY cor0.col2
----
4294967260
4294967260
4294967260

skipif postgresql # PostgreSQL requires AS when renaming output columns
query I rowsort
SELECT - ( - cor0.col0 ) col0 FROM tab2 AS cor0 GROUP BY cor0.col0
----
15
91
92

query I rowsort
SELECT ALL + 57 FROM tab0 cor0 GROUP BY col1, cor0.col2
----
57
57
57

query I rowsort
SELECT + cor0.col0 + cor0.col0 * cor0.col0 FROM tab0, tab2 AS cor0 GROUP BY cor0.col0
----
240
8372
8556

query I rowsort
SELECT ALL - 30 AS col0 FROM tab1 AS cor0 GROUP BY cor0.col2
----
4294967266
4294967266
4294967266

query I rowsort
SELECT ALL 75 AS col2 FROM tab1 AS cor0 GROUP BY col0
----
75
75
75

query I rowsort
SELECT ALL 13 FROM tab2 AS cor0 GROUP BY cor0.col2
----
13
13
13

query I rowsort
SELECT ALL + 30 AS col2 FROM tab0 AS cor0 GROUP BY cor0.col1
----
30
30

query I rowsort
SELECT + 39 FROM tab0 AS cor0 GROUP BY cor0.col0
----
39
39
39

query I rowsort
SELECT + 54 * - cor0.col2 FROM tab2, tab2 AS cor0 GROUP BY cor0.col2
----
4294962598
4294963030
4294964164

skipif postgresql # PostgreSQL requires AS when renaming output columns
query I rowsort
SELECT ALL 48 col1 FROM tab2 AS cor0 GROUP BY cor0.col2, cor0.col1
----
48
48
48

query I rowsort
SELECT + 9 AS col0 FROM tab0 cor0 GROUP BY cor0.col1
----
9
9

query I rowsort
SELECT 79 * - cor0.col1 FROM tab0 AS cor0 GROUP BY cor0.col1, cor0.col1
----
0
4294960897

query I rowsort
SELECT + 68 * 57 AS col1 FROM tab0 cor0 GROUP BY cor0.col0
----
3876
3876
3876

query I rowsort
SELECT 26 AS col1 FROM tab0 AS cor0 CROSS JOIN tab0 AS cor1 GROUP BY cor0.col0
----
26
26
26

query I rowsort
SELECT + 35 FROM tab1 AS cor0 GROUP BY cor0.col1
----
35
35
35

query I rowsort
SELECT 7 + 98 FROM tab2 AS cor0 GROUP BY col2
----
105
105
105

query I rowsort
SELECT 87 AS col1 FROM tab0 AS cor0 GROUP BY col0
----
87
87
87

query I rowsort
SELECT ALL 94 * + cor0.col1 + col0 * + col1 AS col1 FROM tab2 AS cor0 GROUP BY col1, cor0.col0
----
10915
6649
7626

query I rowsort
SELECT cor0.col2 * 80 AS col0 FROM tab1 AS cor0 GROUP BY cor0.col2
----
3600
5680
640

query I rowsort
SELECT cor0.col0 + + ( + cor0.col2 ) AS col2 FROM tab1 AS cor0 GROUP BY cor0.col0, cor0.col2, cor0.col1
----
153
30
73

query I rowsort
SELECT ALL - 18 AS col1 FROM tab2 cor0 GROUP BY cor0.col0, cor0.col2
----
4294967278
4294967278
4294967278

query I rowsort
SELECT ALL + - tab2.col1 * - 67 AS col2 FROM tab2 GROUP BY tab2.col1
----
2747
3953
4087

query I rowsort
SELECT 44 AS col0 FROM tab1 GROUP BY tab1.col2
----
44
44
44

onlyif mysql # DIV for integer division:
query I rowsort label-1689
SELECT col1 DIV cor0.col1 FROM tab1 cor0 GROUP BY cor0.col1
----
1
1
1

query I rowsort
SELECT ALL - 5 * cor0.col1 FROM tab2 AS cor0 GROUP BY cor0.col1
----
4294966991
4294967001
4294967091

query I rowsort
SELECT + cor0.col2 * cor0.col2 FROM tab2 AS cor0 GROUP BY cor0.col2
----
3364
6241
7569

query I rowsort
SELECT ALL - col0 * cor0.col0 FROM tab2 AS cor0 GROUP BY cor0.col0
----
4294958832
4294959015
4294967071

query I rowsort
SELECT cor0.col2 AS col1 FROM tab0, tab2 AS cor0 GROUP BY cor0.col2
----
58
79
87

query I rowsort
SELECT - 25 FROM tab2 AS cor0 GROUP BY cor0.col0
----
4294967271
4294967271
4294967271

query I rowsort
SELECT + 23 FROM tab2 AS cor0 GROUP BY cor0.col0
----
23
23
23

query I rowsort
SELECT - 82 FROM tab0 AS cor0 GROUP BY cor0.col0
----
4294967214
4294967214
4294967214

onlyif mysql # DIV for integer division:
query I rowsort label-1700
SELECT ALL + 69 DIV cor0.col2 - cor0.col2 FROM tab1 AS cor0 GROUP BY cor0.col2
----
0
4294967225
4294967252

query I rowsort
SELECT 47 FROM tab2 AS cor0 GROUP BY cor0.col1
----
47
47
47

query I rowsort
SELECT ALL cor0.col0 FROM tab1 cor0 GROUP BY cor0.col0
----
22
28
82

query I rowsort
SELECT + - 67 AS col0 FROM tab0 GROUP BY tab0.col1
----
4294967229
4294967229

query I rowsort
SELECT - + 85 + 76 AS col0 FROM tab0, tab0 AS cor0 GROUP BY cor0.col0
----
4294967287
4294967287
4294967287

query I rowsort
SELECT 20 FROM tab2 AS cor0 GROUP BY cor0.col2
----
20
20
20

query I rowsort
SELECT 41 AS col1 FROM tab0 AS cor0 GROUP BY cor0.col1
----
41
41

query I rowsort
SELECT ALL - 54 + - cor0.col2 FROM tab1 AS cor0 GROUP BY cor0.col2
----
4294967171
4294967197
4294967234

query I rowsort
SELECT + 53 FROM tab0 AS cor0 GROUP BY cor0.col1
----
53
53

query I rowsort
SELECT ALL 54 AS col1 FROM tab1 cor0 GROUP BY cor0.col2
----
54
54
54

query I rowsort
SELECT 32 - col1 * + cor0.col1 FROM tab0 AS cor0 GROUP BY cor0.col1, cor0.col1
----
32
4294960767

query I rowsort
SELECT 30 FROM tab0 AS cor0 GROUP BY cor0.col0
----
30
30
30

query I rowsort
SELECT + cor0.col1 FROM tab0, tab2 AS cor0 GROUP BY cor0.col1
----
41
59
61

query I rowsort
SELECT - NULLIF ( cor0.col2, cor0.col1 ) FROM tab1 AS cor0 GROUP BY cor0.col1, cor0.col2
----
4294967225
4294967251
4294967288

query I rowsort
SELECT 96 FROM tab1 cor0 GROUP BY cor0.col2
----
96
96
96

query I rowsort
SELECT col2 + - 5 AS col0 FROM tab0 AS cor0 GROUP BY cor0.col2
----
19
33
74

query I rowsort
SELECT 26 FROM tab1 AS cor0 GROUP BY cor0.col0
----
26
26
26

skipif postgresql # PostgreSQL requires AS when renaming output columns
query I rowsort
SELECT ALL ( + col0 * col0 ) col0 FROM tab1 AS cor0 GROUP BY cor0.col0
----
484
6724
784

query I rowsort
SELECT - cor0.col1 + - 84 + + cor0.col1 AS col2 FROM tab1 AS cor0 GROUP BY cor0.col1
----
4294967212
4294967212
4294967212

query I rowsort
SELECT + 29 FROM tab2 GROUP BY tab2.col1
----
29
29
29

query I rowsort
SELECT + cor0.col1 * cor0.col1 + col1 * cor0.col1 AS col2 FROM tab1 AS cor0 GROUP BY col1
----
3872
6498
72

query I rowsort
SELECT - 4 + NULLIF ( + col0, - cor0.col0 ) FROM tab2 cor0 GROUP BY cor0.col0
----
11
87
88

query I rowsort
SELECT ALL 92 AS col0 FROM tab1 cor0 GROUP BY cor0.col1
----
92
92
92

query I rowsort
SELECT + 19 * + cor0.col1 FROM tab1 AS cor0 GROUP BY cor0.col1
----
1083
114
836

query I rowsort
SELECT ALL 19 AS col1 FROM tab2 AS cor0 GROUP BY cor0.col1
----
19
19
19

query I rowsort
SELECT - 90 FROM tab2 AS cor0 GROUP BY cor0.col0
----
4294967206
4294967206
4294967206

query I rowsort
SELECT ALL + 17 FROM tab0 AS cor0 GROUP BY cor0.col2
----
17
17
17

query I rowsort
SELECT ALL 40 AS col0 FROM tab0, tab2 AS cor0, tab2 AS cor1 GROUP BY tab0.col0
----
40
40
40

query I rowsort
SELECT ALL 6 * cor0.col1 FROM tab2 AS cor0 GROUP BY cor0.col1
----
246
354
366

query I rowsort
SELECT ALL + col2 FROM tab2 GROUP BY tab2.col2
----
58
79
87

query I rowsort
SELECT - 6 AS col1 FROM tab2 cor0 GROUP BY cor0.col1
----
4294967290
4294967290
4294967290

query I rowsort
SELECT + 55 AS col0 FROM tab0 AS cor0 GROUP BY cor0.col2, cor0.col1, cor0.col0
----
55
55
55

query I rowsort
SELECT - cor0.col1 * 95 AS col0 FROM tab2, tab0 cor0 GROUP BY cor0.col1
----
0
4294959601

query I rowsort
SELECT - 25 FROM tab2 AS cor0 GROUP BY cor0.col1
----
4294967271
4294967271
4294967271

query I rowsort
SELECT + 78 AS col0 FROM tab2 AS cor0 GROUP BY cor0.col1
----
78
78
78

query I rowsort
SELECT - cor0.col2 * - ( cor0.col1 ) FROM tab1 cor0 GROUP BY cor0.col1, cor0.col2
----
2565
3124
48

query I rowsort
SELECT + 76 FROM tab1 AS cor0 GROUP BY cor0.col1
----
76
76
76

query I rowsort
SELECT + 71 AS col1 FROM tab0 AS cor0 GROUP BY cor0.col2
----
71
71
71

query I rowsort
SELECT + cor0.col0 AS col0 FROM tab1 AS cor0 GROUP BY col0
----
22
28
82

query I rowsort
SELECT cor0.col2 * - 27 AS col0 FROM tab0 AS cor0 GROUP BY cor0.col2
----
4294965163
4294966270
4294966648

query I rowsort
SELECT ALL + 61 FROM tab0 AS cor0 GROUP BY cor0.col1
----
61
61

query I rowsort
SELECT ( 78 + + 47 * cor0.col1 ) AS col2 FROM tab0 AS cor0 GROUP BY cor0.col1
----
3885
78

query I rowsort
SELECT ALL 11 FROM tab0 AS cor0 GROUP BY col2
----
11
11
11

query I rowsort
SELECT 5 AS col2 FROM tab1 AS cor0 GROUP BY cor0.col2
----
5
5
5

skipif postgresql # PostgreSQL requires AS when renaming output columns
query I rowsort
SELECT - ( 73 ) col0 FROM tab2 AS cor0 GROUP BY cor0.col2
----
4294967223
4294967223
4294967223

query I rowsort
SELECT ALL cor0.col1 + cor0.col1 AS col1 FROM tab1 AS cor0 GROUP BY cor0.col1
----
114
12
88

query I rowsort
SELECT 80 AS col1 FROM tab1 AS cor0 GROUP BY cor0.col1, cor0.col1
----
80
80
80

query I rowsort
SELECT + col1 + 99 * + 60 * cor0.col1 FROM tab2 cor0 GROUP BY cor0.col1
----
243581
350519
362401

onlyif mysql # DIV for integer division:
query I rowsort label-1793
SELECT cor0.col1 DIV ( - 27 ) AS col2 FROM tab2 cor0 GROUP BY cor0.col1
----
4294967294
4294967294
4294967295

query I rowsort
SELECT + 90 AS col1 FROM tab1 AS cor0 GROUP BY cor0.col2, cor0.col0, cor0.col1
----
90
90
90

query I rowsort
SELECT ALL - - 34 FROM tab1 GROUP BY col1
----
34
34
34

query I rowsort
SELECT + ( + col1 ) * - 29 FROM tab1 GROUP BY col1
----
4294965643
4294966020
4294967122

skipif postgresql # PostgreSQL requires AS when renaming output columns
query I rowsort
SELECT 99 col0 FROM tab2 AS cor0 GROUP BY col2
----
99
99
99

query I rowsort
SELECT 19 AS col2 FROM tab2 AS cor0 GROUP BY cor0.col1
----
19
19
19

query I rowsort
SELECT ALL 37 AS col0 FROM tab2 GROUP BY tab2.col0
----
37
37
37

query I rowsort
SELECT 83 FROM tab1 cor0 GROUP BY cor0.col1
----
83
83
83

query I rowsort
SELECT 14 AS col2 FROM tab2 AS cor0 GROUP BY cor0.col1
----
14
14
14

query I rowsort
SELECT ALL cor0.col1 * cor0.col1 + + 84 FROM tab0 AS cor0 GROUP BY cor0.col1
----
6645
84

query I rowsort
SELECT ALL cor0.col1 * cor0.col1 FROM tab0 AS cor0 GROUP BY cor0.col0, cor0.col1
----
0
0
6561

query I rowsort
SELECT ALL 5 + + cor0.col0 AS col1 FROM tab1 AS cor0 GROUP BY cor0.col0, cor0.col1
----
27
33
87

query I rowsort
SELECT + 85 FROM tab2 AS cor0 GROUP BY cor0.col0
----
85
85
85

query I rowsort
SELECT ALL - 59 FROM tab1 cor0 GROUP BY cor0.col1, cor0.col2
----
4294967237
4294967237
4294967237

query I rowsort
SELECT col2 + 90 FROM tab0 GROUP BY tab0.col2
----
114
128
169

query I rowsort
SELECT ALL + col2 - - 63 AS col2 FROM tab2 GROUP BY tab2.col2
----
121
142
150

query I rowsort
SELECT 52 AS col0 FROM tab1 AS cor0 GROUP BY cor0.col2
----
52
52
52

query I rowsort
SELECT 18 * cor0.col2 AS col1 FROM tab2 AS cor0 GROUP BY col2
----
1044
1422
1566

query I rowsort
SELECT ALL - ( + 58 ) FROM tab2 AS cor0 GROUP BY cor0.col2
----
4294967238
4294967238
4294967238

query I rowsort
SELECT 70 * + 39 FROM tab0 AS cor0 GROUP BY cor0.col2
----
2730
2730
2730

onlyif mysql # DIV for integer division:
query I rowsort label-1827
SELECT - 60 DIV - 79 FROM tab1 AS cor0 GROUP BY cor0.col0
----
0
0
0

query I rowsort
SELECT - 53 + + col1 FROM tab0 cor0 GROUP BY cor0.col1
----
28
4294967243

query I rowsort
SELECT 50 FROM tab2 AS cor0 GROUP BY cor0.col2, cor0.col0, cor0.col1
----
50
50
50

query I rowsort
SELECT ALL cor0.col2 * cor0.col2 AS col0 FROM tab1 cor0 GROUP BY cor0.col2, cor0.col2
----
2025
5041
64

query I rowsort
SELECT ALL + 95 FROM tab2 AS cor0 GROUP BY cor0.col1, cor0.col2
----
95
95
95

query I rowsort
SELECT ALL - col2 AS col2 FROM tab1 AS cor0 GROUP BY col0, cor0.col2
----
4294967225
4294967251
4294967288

query I rowsort
SELECT ALL + 51 AS col0 FROM tab2 GROUP BY tab2.col2
----
51
51
51

query I rowsort
SELECT + cor0.col2 AS col2 FROM tab2 AS cor0 GROUP BY cor0.col1, cor0.col2
----
58
79
87

query I rowsort
SELECT 46 FROM tab0 AS cor0 GROUP BY cor0.col2
----
46
46
46

query I rowsort
SELECT + cor0.col2 AS col0 FROM tab0 AS cor0 GROUP BY cor0.col2, col0
----
24
38
79

query I rowsort
SELECT + 0 AS col0 FROM tab2 AS cor0 GROUP BY cor0.col0
----
0
0
0

onlyif mysql # DIV for integer division:
query I rowsort label-1847
SELECT ALL cor0.col1 DIV 40 FROM tab2 cor0 GROUP BY cor0.col1
----
1
1
1

query I rowsort
SELECT + 40 AS col0 FROM tab1, tab2 AS cor0 GROUP BY cor0.col0
----
40
40
40

query I rowsort
SELECT + 13 AS col1 FROM tab0, tab2 AS cor0 GROUP BY cor0.col2
----
13
13
13

query I rowsort
SELECT 99 FROM tab0 AS cor0 GROUP BY cor0.col2
----
99
99
99

onlyif mysql # DIV for integer division:
query I rowsort label-1856
SELECT ALL - cor0.col2 DIV cor0.col2 AS col0 FROM tab0 AS cor0 GROUP BY col2
----
4294967295
4294967295
4294967295

query I rowsort
SELECT 21 * cor0.col1 FROM tab0 cor0 GROUP BY cor0.col1
----
0
1701

query I rowsort
SELECT + 19 AS col2 FROM tab0 AS cor0 GROUP BY cor0.col0
----
19
19
19

query I rowsort
SELECT cor0.col1 + 27 FROM tab0, tab2 AS cor0 GROUP BY cor0.col1
----
68
86
88

query I rowsort
SELECT ALL cor0.col1 FROM tab0 AS cor0 GROUP BY cor0.col1, cor0.col2
----
0
0
81

query I rowsort
SELECT - cor0.col0 * ( + 90 ) * - col0 FROM tab2 AS cor0 GROUP BY col0
----
20250
745290
761760

query I rowsort
SELECT + ( - cor0.col0 ) * cor0.col0 FROM tab0, tab0 AS cor0 GROUP BY cor0.col0
----
4294960407
4294965447
4294966620

query I rowsort
SELECT cor0.col0 + - cor0.col0 * 19 FROM tab2 AS cor0 GROUP BY cor0.col0
----
4294965640
4294965658
4294967026

query I rowsort
SELECT 32 AS col0 FROM tab1 AS cor0 GROUP BY cor0.col1
----
32
32
32

query I rowsort
SELECT + ( - 38 ) AS col1 FROM tab0 AS cor0 GROUP BY cor0.col1
----
4294967258
4294967258

query I rowsort
SELECT 73 AS col2 FROM tab2 AS cor0 GROUP BY cor0.col1
----
73
73
73

query I rowsort
SELECT 76 FROM tab1 AS cor0 GROUP BY col1, cor0.col0
----
76
76
76

query I rowsort
SELECT + 46 FROM tab2, tab0 cor0 GROUP BY cor0.col2
----
46
46
46

query I rowsort
SELECT ALL - NULLIF ( 40, cor0.col0 ) * - NULLIF ( cor0.col0 + cor0.col0, + cor0.col0 ) FROM tab1 AS cor0 GROUP BY cor0.col0
----
1760
2240
6560

query I rowsort
SELECT cor0.col0 FROM tab1 AS cor0 GROUP BY cor0.col0, cor0.col0, cor0.col1
----
22
28
82

query I rowsort
SELECT cor0.col1 * - 82 + - cor0.col1 AS col1 FROM tab2 AS cor0 GROUP BY cor0.col1
----
4294962233
4294962399
4294963893

query I rowsort
SELECT ALL - 20 FROM tab1 AS cor0 GROUP BY cor0.col1
----
4294967276
4294967276
4294967276

query I rowsort
SELECT 70 FROM tab1 AS cor0 GROUP BY cor0.col1
----
70
70
70

query I rowsort
SELECT ALL - 43 FROM tab2 AS cor0 GROUP BY cor0.col2
----
4294967253
4294967253
4294967253

query I rowsort
SELECT ALL 80 AS col1 FROM tab1 AS cor0 GROUP BY col0
----
80
80
80

query I rowsort
SELECT + 35 AS col2 FROM tab0 GROUP BY tab0.col2
----
35
35
35

query I rowsort
SELECT + 16 FROM tab2, tab0 AS cor0 GROUP BY tab2.col0
----
16
16
16

query I rowsort
SELECT ALL + cor0.col0 + - 14 AS col1 FROM tab0 AS cor0 GROUP BY cor0.col0
----
12
29
69

query I rowsort
SELECT cor0.col0 + - 44 * - 87 FROM tab1 AS cor0 GROUP BY cor0.col0
----
3850
3856
3910

query I rowsort
SELECT ALL 77 FROM tab2 cor0 GROUP BY cor0.col0, cor0.col2
----
77
77
77

query I rowsort
SELECT + cor0.col2 * 0 AS col0 FROM tab2 cor0 GROUP BY cor0.col2, col2
----
0
0
0

skipif postgresql # PostgreSQL requires AS when renaming output columns
query I rowsort
SELECT ALL 4 * 36 col2 FROM tab1 AS cor0 GROUP BY cor0.col2
----
144
144
144

query I rowsort
SELECT ALL 36 + + tab1.col1 FROM tab1 GROUP BY col1
----
42
80
93

query I rowsort
SELECT - 17 * - cor0.col2 AS col2 FROM tab0 AS cor0 GROUP BY cor0.col2
----
1343
408
646

query I rowsort
SELECT - ( - cor0.col2 ) AS col0 FROM tab1 AS cor0 GROUP BY cor0.col2
----
45
71
8

query I rowsort
SELECT ALL + ( + 8 ) AS col2 FROM tab1 AS cor0 GROUP BY col0
----
8
8
8

query I rowsort
SELECT 91 AS col0 FROM tab1 AS cor0 GROUP BY cor0.col1
----
91
91
91

query I rowsort
SELECT + 85 AS col2 FROM tab2 AS cor0 GROUP BY cor0.col0
----
85
85
85

query I rowsort
SELECT + col2 FROM tab2 AS cor0 GROUP BY cor0.col0, cor0.col2
----
58
79
87

query I rowsort
SELECT + col2 * 58 AS col0 FROM tab1 AS cor0 GROUP BY cor0.col2, col0
----
2610
4118
464

query I rowsort
SELECT ALL cor0.col0 + - 10 FROM tab1, tab2 cor0 GROUP BY cor0.col0
----
5
81
82

query I rowsort
SELECT - + 23 * - tab1.col0 AS col1 FROM tab1 GROUP BY tab1.col0
----
1886
506
644

query I rowsort
SELECT 94 + - cor0.col2 * - cor0.col2 AS col1 FROM tab0 AS cor0 GROUP BY cor0.col2
----
1538
6335
670

query I rowsort
SELECT 10 AS col2 FROM tab2 AS cor0 GROUP BY cor0.col1, cor0.col0
----
10
10
10

query I rowsort
SELECT 40 FROM tab0 AS cor0 GROUP BY cor0.col2
----
40
40
40

query I rowsort
SELECT ALL - - 3 FROM tab1, tab1 cor0, tab2 AS cor1 GROUP BY cor0.col2
----
3
3
3

query I rowsort
SELECT ALL - 94 FROM tab2, tab1 cor0 GROUP BY tab2.col0
----
4294967202
4294967202
4294967202

query I rowsort
SELECT - cor0.col0 * 28 * + 62 - 2 AS col2 FROM tab0 AS cor0 GROUP BY col0
----
4294823206
4294892646
4294922158

query I rowsort
SELECT + 54 AS col1 FROM tab0 cor0 GROUP BY cor0.col0
----
54
54
54

query I rowsort
SELECT + cor0.col0 - - cor0.col0 AS col2 FROM tab1 AS cor0 GROUP BY cor0.col0, col2
----
164
44
56

query I rowsort
SELECT ALL - 66 FROM tab2 AS cor0 GROUP BY cor0.col2, cor0.col0
----
4294967230
4294967230
4294967230

query I rowsort
SELECT + ( col1 ) AS col1 FROM tab2 AS cor0 GROUP BY cor0.col1
----
41
59
61

query I rowsort
SELECT col2 FROM tab2 cor0 GROUP BY cor0.col2, cor0.col2
----
58
79
87

query I rowsort
SELECT + cor0.col0 + - 80 AS col1 FROM tab2 AS cor0 GROUP BY cor0.col0, cor0.col1
----
11
12
4294967231

skipif postgresql # PostgreSQL requires AS when renaming output columns
query I rowsort
SELECT - 75 col1 FROM tab2 AS cor0 GROUP BY cor0.col1
----
4294967221
4294967221
4294967221

query I rowsort
SELECT + - 96 AS col2 FROM tab2, tab1 cor0 GROUP BY tab2.col1
----
4294967200
4294967200
4294967200

skipif postgresql # PostgreSQL requires AS when renaming output columns
query I rowsort
SELECT + 62 col1 FROM tab0 AS cor0 GROUP BY cor0.col2
----
62
62
62

query I rowsort
SELECT ( + 93 ) AS col0 FROM tab0, tab1 cor0 GROUP BY tab0.col1
----
93
93

query I rowsort
SELECT 92 + + 66 * cor0.col1 AS col0 FROM tab2 AS cor0 GROUP BY cor0.col1
----
2798
3986
4118

query I rowsort
SELECT ALL cor0.col2 + ( - 55 ) AS col2 FROM tab0 AS cor0 GROUP BY cor0.col2
----
24
4294967265
4294967279

query I rowsort
SELECT - 58 + cor0.col2 AS col0 FROM tab1 AS cor0 GROUP BY cor0.col2
----
13
4294967246
4294967283

query I rowsort
SELECT - 3 FROM tab0 AS cor0 GROUP BY cor0.col2
----
4294967293
4294967293
4294967293

query I rowsort
SELECT ALL + ( + 15 ) FROM tab0 AS cor0 GROUP BY cor0.col2
----
15
15
15

query I rowsort
SELECT ALL 15 AS col2 FROM tab1 AS cor0 GROUP BY cor0.col0
----
15
15
15

query I rowsort
SELECT ALL 90 FROM tab0 AS cor0 GROUP BY cor0.col2
----
90
90
90

query I rowsort
SELECT ALL - 74 FROM tab1 AS cor0 GROUP BY cor0.col2
----
4294967222
4294967222
4294967222

query I rowsort
SELECT ALL 71 + col0 AS col1 FROM tab1 AS cor0 GROUP BY cor0.col0, cor0.col0
----
153
93
99

query I rowsort
SELECT - 91 * 10 FROM tab1 AS cor0 GROUP BY cor0.col2
----
4294966386
4294966386
4294966386

query I rowsort
SELECT ALL - + tab1.col0 + + 22 FROM tab1 GROUP BY col0
----
0
4294967236
4294967290

query I rowsort
SELECT - col0 AS col2 FROM tab1 cor0 GROUP BY cor0.col1, cor0.col0
----
4294967214
4294967268
4294967274

query I rowsort
SELECT 74 FROM tab2 AS cor0 GROUP BY cor0.col0
----
74
74
74

query I rowsort
SELECT + col1 + - cor0.col1 * - ( cor0.col1 ) AS col2 FROM tab2 AS cor0 GROUP BY col1
----
1722
3540
3782

query I rowsort
SELECT cor0.col2 + - 75 FROM tab2 cor0 GROUP BY cor0.col2
----
12
4
4294967279

query I rowsort
SELECT 63 FROM tab2 cor0 GROUP BY cor0.col1
----
63
63
63

query I rowsort
SELECT ALL 9 FROM tab1 AS cor0 GROUP BY cor0.col2
----
9
9
9

query I rowsort
SELECT 88 + - cor0.col2 + cor0.col2 FROM tab1 AS cor0 GROUP BY cor0.col2
----
88
88
88

skipif postgresql # PostgreSQL requires AS when renaming output columns
query I rowsort
SELECT + - 86 col2 FROM tab1, tab2 cor0 GROUP BY cor0.col2
----
4294967210
4294967210
4294967210

query I rowsort
SELECT 63 * cor0.col1 * 62 AS col1 FROM tab2 cor0 GROUP BY cor0.col2, cor0.col1
----
160146
230454
238266

query I rowsort
SELECT 53 AS col0 FROM tab2 cor0 GROUP BY cor0.col0
----
53
53
53

query I rowsort
SELECT - cor0.col0 * - 33 FROM tab1 AS cor0 GROUP BY cor0.col0
----
2706
726
924

query I rowsort
SELECT - + 69 FROM tab0 GROUP BY tab0.col1
----
4294967227
4294967227

onlyif mysql # CAST syntax: INT type:
query I rowsort label-1986
SELECT + CAST( + cor0.col1 AS INT ) FROM tab1, tab1 AS cor0 GROUP BY cor0.col1
----
44
57
6

onlyif mysql # CAST syntax: INT type:
query I rowsort label-1991
SELECT ALL + CAST( 38 AS INT ) * - cor0.col0 + - cor0.col1 FROM tab1 AS cor0 GROUP BY col1, cor0.col0
----
4294964136
4294966175
4294966454

skipif postgresql # PostgreSQL requires AS when renaming output columns
query I rowsort
SELECT + 94 col0 FROM tab0 AS cor0 GROUP BY cor0.col2
----
94
94
94

skipif postgresql # PostgreSQL requires AS when renaming output columns
query I rowsort
SELECT cor0.col2 + cor0.col2 col1 FROM tab1 AS cor0 GROUP BY col2
----
142
16
90

query I rowsort
SELECT ALL - + cor0.col0 * 76 AS col2 FROM tab0, tab0 AS cor0 GROUP BY cor0.col0
----
4294960988
4294964028
4294965320

onlyif mysql # DIV for integer division:
query I rowsort label-1996
SELECT + 55 DIV - cor0.col1 AS col2 FROM tab1 AS cor0 GROUP BY cor0.col1
----
0
4294967287
4294967295

query I rowsort
SELECT ALL NULLIF ( cor0.col0, cor0.col2 ) * 60 AS col0 FROM tab1 AS cor0 GROUP BY col1, cor0.col0, cor0.col2
----
1320
1680
4920

query I rowsort
SELECT - col1 + ( col1 ) FROM tab2 AS cor0 GROUP BY cor0.col1
----
0
0
0

query I rowsort
SELECT ALL - col0 * 1 + - 3 AS col0 FROM tab2 AS cor0 GROUP BY cor0.col0
----
4294967201
4294967202
4294967278

query I rowsort
SELECT ALL cor0.col0 + cor0.col0 AS col0 FROM tab0, tab0 cor0 GROUP BY cor0.col0
----
166
52
86

query I rowsort
SELECT + + 60 FROM tab0, tab2 AS cor0 GROUP BY cor0.col0
----
60
60
60

query I rowsort
SELECT ALL 69 FROM tab0 AS cor0 GROUP BY cor0.col2
----
69
69
69

query I rowsort
SELECT + NULLIF ( cor0.col1, - 40 ) AS col2 FROM tab2 AS cor0 GROUP BY cor0.col1
----
41
59
61

query I rowsort
SELECT ALL 27 AS col1 FROM tab2 AS cor0 GROUP BY cor0.col0, cor0.col2
----
27
27
27

query I rowsort
SELECT 29 FROM tab1 AS cor0 GROUP BY cor0.col0
----
29
29
29

query I rowsort
SELECT - 87 FROM tab1 AS cor0 GROUP BY cor0.col0, cor0.col2
----
4294967209
4294967209
4294967209

query I rowsort
SELECT + 0 FROM tab2 AS cor0 GROUP BY cor0.col0
----
0
0
0

query I rowsort
SELECT 28 FROM tab0 AS cor0 GROUP BY cor0.col1
----
28
28

query I rowsort
SELECT + 88 AS col2 FROM tab0 AS cor0 GROUP BY cor0.col2
----
88
88
88

query I rowsort
SELECT 44 AS col0 FROM tab1 cor0 GROUP BY cor0.col0
----
44
44
44

query I rowsort
SELECT 80 * - 68 FROM tab0 AS cor0 GROUP BY cor0.col0
----
4294961856
4294961856
4294961856

query I rowsort
SELECT ALL - + 86 FROM tab1, tab1 AS cor0 GROUP BY cor0.col2
----
4294967210
4294967210
4294967210

query I rowsort
SELECT ALL - NULLIF ( - cor0.col0, cor0.col0 * col1 ) FROM tab1 AS cor0 GROUP BY cor0.col0, col1
----
22
28
82

skipif postgresql # PostgreSQL requires AS when renaming output columns
query I rowsort
SELECT ALL 46 col1 FROM tab1 AS cor0 GROUP BY cor0.col0
----
46
46
46

query I rowsort
SELECT ALL + 28 FROM tab0 AS cor0 GROUP BY col2
----
28
28
28

query I rowsort
SELECT + cor0.col2 * 95 FROM tab0 AS cor0 GROUP BY cor0.col2
----
2280
3610
7505

query I rowsort
SELECT + 79 AS col1 FROM tab1 AS cor0 GROUP BY cor0.col0
----
79
79
79

query I rowsort
SELECT ALL col0 AS col1 FROM tab1 AS cor0 GROUP BY cor0.col0
----
22
28
82

query I rowsort
SELECT ALL + cor0.col0 + 64 AS col1 FROM tab1 AS cor0 GROUP BY cor0.col0, col1
----
146
86
92

query I rowsort
SELECT cor0.col1 * 60 AS col1 FROM tab0 cor0 GROUP BY cor0.col1
----
0
4860

query I rowsort
SELECT 5 * - col2 FROM tab2 GROUP BY tab2.col2
----
4294966861
4294966901
4294967006

query I rowsort
SELECT 71 FROM tab0 AS cor0 GROUP BY cor0.col0
----
71
71
71

query I rowsort
SELECT ALL cor0.col1 * cor0.col1 AS col0 FROM tab1 cor0 GROUP BY cor0.col1
----
1936
3249
36

query I rowsort
SELECT NULLIF ( - 27, cor0.col1 + cor0.col1 ) * cor0.col1 AS col1 FROM tab1 cor0 GROUP BY cor0.col0, cor0.col1
----
4294965757
4294966108
4294967134

query I rowsort
SELECT cor1.col1 * 27 FROM tab1 AS cor0 CROSS JOIN tab1 cor1 GROUP BY cor1.col1
----
1188
1539
162

query I rowsort
SELECT ( - 29 ) AS col0 FROM tab2 cor0 GROUP BY cor0.col2
----
4294967267
4294967267
4294967267

query I rowsort
SELECT 53 FROM tab2 AS cor0 GROUP BY cor0.col2
----
53
53
53

query I rowsort
SELECT ALL 85 FROM tab1 AS cor0 GROUP BY cor0.col1
----
85
85
85

query I rowsort
SELECT + 38 AS col1 FROM tab1 AS cor0 GROUP BY cor0.col2
----
38
38
38

query I rowsort
SELECT - 76 * cor0.col0 + 66 AS col1 FROM tab1 cor0 GROUP BY cor0.col0
----
4294961130
4294965234
4294965690

query I rowsort
SELECT 36 AS col1 FROM tab1 cor0 GROUP BY cor0.col1
----
36
36
36

query I rowsort
SELECT + 40 + - col0 FROM tab0 AS cor0 GROUP BY cor0.col0
----
14
4294967253
4294967293

onlyif mysql # DIV for integer division:
query I rowsort label-2054
SELECT + tab2.col2 + 88 DIV - 36 FROM tab2 GROUP BY tab2.col2
----
56
77
85

query I rowsort
SELECT cor0.col2 + + ( + 30 ) AS col1 FROM tab0 AS cor0 GROUP BY col2
----
109
54
68

onlyif mysql # DIV for integer division:
query I rowsort label-2058
SELECT + 15 DIV - cor0.col0 AS col1 FROM tab2 AS cor0 GROUP BY cor0.col0
----
0
0
4294967295

query I rowsort
SELECT - + tab2.col2 FROM tab2 GROUP BY tab2.col2
----
4294967209
4294967217
4294967238

query I rowsort
SELECT 23 FROM tab2 AS cor0 GROUP BY col2
----
23
23
23

query I rowsort
SELECT 49 FROM tab0 cor0 GROUP BY cor0.col2, cor0.col2
----
49
49
49

query I rowsort
SELECT ( 65 ) FROM tab1 AS cor0 GROUP BY cor0.col2
----
65
65
65

query I rowsort
SELECT ALL + - 6 AS col1 FROM tab2 GROUP BY tab2.col2
----
4294967290
4294967290
4294967290

query I rowsort
SELECT - - 10 AS col1 FROM tab1, tab1 AS cor0 GROUP BY cor0.col2
----
10
10
10

query I rowsort
SELECT + - 31 * 63 AS col0 FROM tab1, tab0 AS cor0 GROUP BY cor0.col1
----
4294965343
4294965343

query I rowsort
SELECT ALL + ( - 95 ) AS col0 FROM tab1 AS cor0 GROUP BY cor0.col1, cor0.col2
----
4294967201
4294967201
4294967201

skipif postgresql # PostgreSQL requires AS when renaming output columns
query I rowsort
SELECT - 79 col1 FROM tab1 AS cor0 GROUP BY cor0.col2
----
4294967217
4294967217
4294967217

query I rowsort
SELECT 41 AS col2 FROM tab1 GROUP BY tab1.col0
----
41
41
41

query I rowsort
SELECT + - cor0.col2 + ( - NULLIF ( + cor0.col2, - cor0.col2 ) ) AS col1 FROM tab2, tab1 AS cor0 GROUP BY cor0.col2
----
4294967154
4294967206
4294967280

query I rowsort
SELECT ALL 78 FROM tab2 AS cor0 GROUP BY cor0.col1
----
78
78
78

query I rowsort
SELECT 50 FROM tab0 AS cor0 GROUP BY col2
----
50
50
50

query I rowsort
SELECT ( 48 ) * cor0.col2 FROM tab1 AS cor0 GROUP BY cor0.col2
----
2160
3408
384

query I rowsort
SELECT ALL 12 AS col0 FROM tab2 AS cor0 GROUP BY cor0.col0
----
12
12
12

query I rowsort
SELECT 1 FROM tab2 AS cor0 GROUP BY cor0.col0
----
1
1
1

query I rowsort
SELECT - 74 FROM tab2 AS cor0 GROUP BY cor0.col0
----
4294967222
4294967222
4294967222

onlyif mysql # DIV for integer division:
query I rowsort label-2092
SELECT cor0.col0 + cor0.col2 DIV col0 FROM tab1 AS cor0 GROUP BY cor0.col0, cor0.col2
----
22
29
82

query I rowsort
SELECT ALL col0 * + cor0.col0 * cor0.col0 AS col2 FROM tab2 AS cor0 GROUP BY cor0.col0
----
3375
753571
778688

query I rowsort
SELECT ALL cor0.col2 AS col1 FROM tab2 AS cor0 GROUP BY col2
----
58
79
87

onlyif mysql # DIV for integer division:
query I rowsort label-2100
SELECT - 21 DIV 47 + - 65 AS col1 FROM tab0 AS cor0 GROUP BY cor0.col0
----
4294967231
4294967231
4294967231

query I rowsort
SELECT + - 59 + 25 AS col0 FROM tab2, tab2 AS cor0 GROUP BY cor0.col1
----
4294967262
4294967262
4294967262

query I rowsort
SELECT 21 AS col2 FROM tab1 AS cor0 GROUP BY cor0.col2
----
21
21
21

query I rowsort
SELECT 10 + cor0.col2 AS col1 FROM tab2 AS cor0 GROUP BY cor0.col2
----
68
89
97

query I rowsort
SELECT 7 FROM tab2 AS cor0 GROUP BY cor0.col2
----
7
7
7

query I rowsort
SELECT 32 FROM tab1 GROUP BY tab1.col0
----
32
32
32

query I rowsort
SELECT ALL 73 * + cor0.col1 FROM tab1 AS cor0 GROUP BY cor0.col1, cor0.col2
----
3212
4161
438

query I rowsort
SELECT + 93 * - cor0.col0 FROM tab2 AS cor0 GROUP BY cor0.col0
----
4294958740
4294958833
4294965901

onlyif mysql # DIV for integer division:
query I rowsort label-2119
SELECT ALL - 55 DIV cor0.col0 FROM tab1 AS cor0 GROUP BY cor0.col0
----
0
4294967294
4294967295

query I rowsort
SELECT ALL 13 FROM tab1 AS cor0 GROUP BY col1
----
13
13
13

query I rowsort
SELECT ALL cor0.col1 + 15 * + 12 FROM tab0 AS cor0 GROUP BY cor0.col1
----
180
261

query I rowsort
SELECT ALL + 14 AS col0 FROM tab2 GROUP BY tab2.col2
----
14
14
14

query I rowsort
SELECT - 49 * - 93 AS col1 FROM tab0 AS cor0 GROUP BY cor0.col2
----
4557
4557
4557

onlyif mysql # DIV for integer division:
query I rowsort label-2136
SELECT ALL - - 14 DIV 6 FROM tab0 GROUP BY tab0.col1
----
2
2

query I rowsort
SELECT cor0.col2 + + cor0.col2 FROM tab2 AS cor0 GROUP BY cor0.col1, cor0.col2
----
116
158
174

skipif postgresql # PostgreSQL requires AS when renaming output columns
query I rowsort
SELECT - 4 - - 49 col2 FROM tab1 AS cor0 GROUP BY cor0.col2, col0
----
45
45
45

query I rowsort
SELECT - 72 FROM tab1 cor0 GROUP BY cor0.col2, col2, cor0.col2, cor0.col2
----
4294967224
4294967224
4294967224

query I rowsort
SELECT ALL + 81 AS col2 FROM tab1 AS cor0 GROUP BY cor0.col0
----
81
81
81

query I rowsort
SELECT ALL + 19 FROM tab1 cor0 GROUP BY cor0.col0
----
19
19
19

onlyif mysql # DIV for integer division:
query I rowsort label-2144
SELECT ALL - col0 DIV col0 FROM tab1 AS cor0 GROUP BY cor0.col0
----
4294967295
4294967295
4294967295

query I rowsort
SELECT - cor0.col1 AS col2 FROM tab1, tab0 AS cor0 GROUP BY cor0.col1
----
0
4294967215

query I rowsort
SELECT ALL + 57 FROM tab2 AS cor0 GROUP BY col0
----
57
57
57

skipif postgresql # PostgreSQL requires AS when renaming output columns
query I rowsort
SELECT + col1 col0 FROM tab0 AS cor0 GROUP BY cor0.col1
----
0
81

query I rowsort
SELECT 25 AS col2 FROM tab1 AS cor0 GROUP BY cor0.col2
----
25
25
25

query I rowsort
SELECT cor0.col0 - + ( - cor0.col0 ) FROM tab2 AS cor0 GROUP BY cor0.col0
----
182
184
30

query I rowsort
SELECT + cor0.col1 + 78 AS col2 FROM tab1 AS cor0 GROUP BY cor0.col1
----
122
135
84

query I rowsort
SELECT 34 AS col2 FROM tab2, tab0 AS cor0 GROUP BY tab2.col0
----
34
34
34

onlyif mysql # DIV for integer division:
query I rowsort label-2164
SELECT 90 DIV + 4 AS col2 FROM tab0 AS cor0 GROUP BY col0
----
22
22
22

query I rowsort
SELECT 46 * - 69 FROM tab1 AS cor0 GROUP BY cor0.col1
----
4294964122
4294964122
4294964122

query I rowsort
SELECT - 58 AS col2 FROM tab2 cor0 GROUP BY cor0.col2
----
4294967238
4294967238
4294967238

query I rowsort
SELECT 71 AS col1 FROM tab0 cor0 GROUP BY cor0.col1, cor0.col0
----
71
71
71

query I rowsort
SELECT cor0.col1 FROM tab2 AS cor0 GROUP BY col1, cor0.col1, cor0.col1
----
41
59
61

skipif postgresql # PostgreSQL requires AS when renaming output columns
query I rowsort
SELECT ALL 96 col1 FROM tab0 AS cor0 GROUP BY cor0.col2
----
96
96
96

query I rowsort
SELECT ALL 84 AS col1 FROM tab0 AS cor0 GROUP BY cor0.col0, cor0.col2
----
84
84
84

query I rowsort
SELECT 42 + cor0.col2 FROM tab2 AS cor0 GROUP BY cor0.col2
----
100
121
129

query I rowsort
SELECT ALL 33 * cor0.col2 AS col0 FROM tab2 AS cor0 GROUP BY cor0.col2
----
1914
2607
2871

query I rowsort
SELECT 57 AS col0 FROM tab2 AS cor0 CROSS JOIN tab2 AS cor1 GROUP BY cor1.col1
----
57
57
57

skipif postgresql # PostgreSQL requires AS when renaming output columns
query I rowsort
SELECT - 4 * - cor0.col1 col0 FROM tab0 AS cor0 GROUP BY cor0.col0, cor0.col1
----
0
0
324

query I rowsort
SELECT ALL 66 * 30 FROM tab2 AS cor0 GROUP BY cor0.col0, cor0.col2
----
1980
1980
1980

query I rowsort
SELECT ALL - 0 FROM tab1 GROUP BY col0
----
0
0
0

query I rowsort
SELECT ALL - cor0.col2 + - 67 FROM tab0 AS cor0 GROUP BY cor0.col2, cor0.col1
----
4294967150
4294967191
4294967205

skipif postgresql # PostgreSQL requires AS when renaming output columns
query I rowsort
SELECT ( cor0.col1 ) col0 FROM tab1 AS cor0 GROUP BY col1
----
44
57
6

query I rowsort
SELECT 62 * 16 AS col0 FROM tab1 AS cor0 CROSS JOIN tab0 AS cor1 GROUP BY cor0.col1
----
992
992
992

query I rowsort
SELECT cor0.col0 * + 34 * 59 FROM tab0 AS cor0 GROUP BY cor0.col0
----
166498
52156
86258

query I rowsort
SELECT ALL 61 AS col0 FROM tab2 AS cor0 GROUP BY cor0.col2
----
61
61
61

query I rowsort
SELECT ALL + ( - 17 ) AS col2 FROM tab1 AS cor0 GROUP BY cor0.col0
----
4294967279
4294967279
4294967279

query I rowsort
SELECT ALL ( - cor0.col2 ) FROM tab0 AS cor0 GROUP BY cor0.col1, col2, col1
----
4294967217
4294967258
4294967272

query I rowsort
SELECT 40 FROM tab1 AS cor0 GROUP BY cor0.col1
----
40
40
40

query I rowsort
SELECT 9 FROM tab2 AS cor0 GROUP BY cor0.col1
----
9
9
9

query I rowsort
SELECT ALL + 9 AS col1 FROM tab0 AS cor0 GROUP BY cor0.col0, cor0.col0
----
9
9
9

query I rowsort
SELECT - 20 + cor0.col0 AS col0 FROM tab2 AS cor0 GROUP BY cor0.col0
----
4294967291
71
72

query I rowsort
SELECT ALL 72 FROM tab2 AS cor0 GROUP BY cor0.col2
----
72
72
72

query I rowsort
SELECT 11 AS col1 FROM tab2 GROUP BY tab2.col2
----
11
11
11

query I rowsort
SELECT ALL 46 * cor0.col2 AS col2 FROM tab1 AS cor0 GROUP BY cor0.col2
----
2070
3266
368

query I rowsort
SELECT ALL + + cor1.col2 * 47 + 73 - cor1.col2 FROM tab1, tab1 AS cor0, tab2 AS cor1 GROUP BY cor1.col2
----
2741
3707
4075

query I rowsort
SELECT cor0.col1 + + 2 FROM tab1 AS cor0 GROUP BY cor0.col0, cor0.col1
----
46
59
8

query I rowsort
SELECT ALL - tab2.col0 - tab2.col0 * col0 FROM tab2 GROUP BY tab2.col0
----
4294958740
4294958924
4294967056

query I rowsort
SELECT 26 FROM tab2 AS cor0 GROUP BY cor0.col2
----
26
26
26

query I rowsort
SELECT + 52 FROM tab0 AS cor0 GROUP BY col2, cor0.col2
----
52
52
52

query I rowsort
SELECT ALL - col1 AS col0 FROM tab1 AS cor0 GROUP BY cor0.col1
----
4294967239
4294967252
4294967290

onlyif mysql # DIV for integer division:
query I rowsort label-2210
SELECT 42 DIV cor0.col2 FROM tab0 AS cor0 GROUP BY cor0.col2
----
0
1
1

query I rowsort
SELECT - cor1.col0 AS col0 FROM tab1, tab0 AS cor0, tab2 AS cor1 GROUP BY cor1.col0
----
4294967204
4294967205
4294967281

query I rowsort
SELECT ALL 48 AS col1 FROM tab2 AS cor0 GROUP BY cor0.col1, cor0.col1
----
48
48
48

query I rowsort
SELECT ALL - 84 FROM tab1 GROUP BY tab1.col2
----
4294967212
4294967212
4294967212

query I rowsort
SELECT ALL 81 FROM tab0 AS cor0 GROUP BY cor0.col0
----
81
81
81

query I rowsort
SELECT 6 FROM tab1 AS cor0 GROUP BY cor0.col2
----
6
6
6

query I rowsort
SELECT + cor0.col1 + 41 AS col0 FROM tab1 AS cor0 GROUP BY cor0.col1
----
47
85
98

query I rowsort
SELECT ALL + 56 * - 56 FROM tab0 GROUP BY tab0.col1
----
4294964160
4294964160

query I rowsort
SELECT - + 65 AS col1 FROM tab1 GROUP BY tab1.col2
----
4294967231
4294967231
4294967231

query I rowsort
SELECT ALL + 92 AS col0 FROM tab1 AS cor0 GROUP BY cor0.col0, cor0.col1, cor0.col0
----
92
92
92

query I rowsort
SELECT ALL cor0.col1 + 43 AS col1 FROM tab0 cor0 GROUP BY cor0.col1
----
124
43

skipif postgresql # PostgreSQL requires AS when renaming output columns
query I rowsort
SELECT ( - 4 ) col0 FROM tab2, tab2 AS cor0, tab0 AS cor1 GROUP BY cor0.col2
----
4294967292
4294967292
4294967292

query I rowsort
SELECT 22 FROM tab1 GROUP BY col2
----
22
22
22

onlyif mysql # CAST syntax: INT type:
query I rowsort label-2248
SELECT + CAST( - cor0.col2 AS INT ) FROM tab0 AS cor0 GROUP BY cor0.col2
----
4294967217
4294967258
4294967272

onlyif mysql # DIV for integer division:
query I rowsort label-2251
SELECT cor0.col2 DIV ( - col2 ) FROM tab1 AS cor0 GROUP BY cor0.col2
----
4294967295
4294967295
4294967295

query I rowsort
SELECT + 21 AS col1 FROM tab2 cor0 GROUP BY cor0.col0
----
21
21
21

query I rowsort
SELECT - 53 FROM tab1 AS cor0 GROUP BY cor0.col2
----
4294967243
4294967243
4294967243

query I rowsort
SELECT ALL cor0.col0 * 11 AS col1 FROM tab0 cor0 GROUP BY cor0.col0
----
286
473
913

query I rowsort
SELECT ALL cor0.col1 * + cor0.col2 FROM tab0 AS cor0 GROUP BY cor0.col2, cor0.col1
----
0
0
1944

query I rowsort
SELECT ALL - 45 FROM tab0 cor0 GROUP BY cor0.col2
----
4294967251
4294967251
4294967251

query I rowsort
SELECT ALL - 20 FROM tab0 GROUP BY col2
----
4294967276
4294967276
4294967276

onlyif mysql # DIV for integer division:
query I rowsort label-2261
SELECT ALL + cor0.col1 DIV 52 FROM tab0 AS cor0 GROUP BY cor0.col1, cor0.col0, cor0.col1
----
0
0
1

query I rowsort
SELECT ALL 97 AS col2 FROM tab0 AS cor0 GROUP BY cor0.col1
----
97
97

query I rowsort
SELECT + col0 * - 87 FROM tab0 GROUP BY col0
----
4294960075
4294963555
4294965034

skipif postgresql # PostgreSQL requires AS when renaming output columns
query I rowsort
SELECT 23 col2 FROM tab1, tab2 AS cor0 GROUP BY cor0.col1
----
23
23
23

skipif postgresql # PostgreSQL requires AS when renaming output columns
query I rowsort
SELECT - + tab0.col1 * 70 col1 FROM tab0 GROUP BY tab0.col1
----
0
4294961626

query I rowsort
SELECT - 62 FROM tab2 AS cor0 GROUP BY cor0.col0
----
4294967234
4294967234
4294967234

skipif postgresql # PostgreSQL requires AS when renaming output columns
query I rowsort
SELECT ALL - 56 col2 FROM tab2 AS cor0 GROUP BY cor0.col1
----
4294967240
4294967240
4294967240

query I rowsort
SELECT ALL 89 * - cor0.col2 FROM tab1 AS cor0 GROUP BY cor0.col2
----
4294960977
4294963291
4294966584

skipif postgresql # PostgreSQL requires AS when renaming output columns
query I rowsort
SELECT cor0.col0 col1 FROM tab1 cor0 GROUP BY cor0.col2, cor0.col0
----
22
28
82

query I rowsort
SELECT + - cor0.col1 AS col1 FROM tab0, tab1 AS cor0, tab1 cor1 GROUP BY cor0.col1
----
4294967239
4294967252
4294967290

query I rowsort
SELECT - 1 - - col0 FROM tab2 AS cor0 GROUP BY cor0.col0
----
14
90
91

query I rowsort
SELECT - 75 AS col0 FROM tab1 AS cor0 GROUP BY col0, cor0.col0
----
4294967221
4294967221
4294967221

skipif postgresql # PostgreSQL requires AS when renaming output columns
query I rowsort
SELECT - 84 * 62 col0 FROM tab0 cor0 GROUP BY cor0.col2
----
4294962088
4294962088
4294962088

query I rowsort
SELECT + 69 * 34 AS col1 FROM tab0 AS cor0 GROUP BY cor0.col2
----
2346
2346
2346

query I rowsort
SELECT + 35 AS col1 FROM tab2 AS cor0 GROUP BY cor0.col2
----
35
35
35

query I rowsort
SELECT 31 * + 74 FROM tab0 AS cor0 GROUP BY col2
----
2294
2294
2294

query I rowsort
SELECT - 91 FROM tab1, tab0 AS cor0 GROUP BY tab1.col1
----
4294967205
4294967205
4294967205

query I rowsort
SELECT cor0.col0 * NULLIF ( - cor0.col1, col0 ) AS col1 FROM tab1 AS cor0 GROUP BY cor0.col0, cor0.col1
----
4294963688
4294965700
4294967164

query I rowsort
SELECT 68 FROM tab0 AS cor0 GROUP BY cor0.col0
----
68
68
68

query I rowsort
SELECT ALL + 11 AS col2 FROM tab0, tab2 cor0 GROUP BY cor0.col1
----
11
11
11

query I rowsort
SELECT ALL cor0.col0 FROM tab0 cor0 GROUP BY cor0.col0, cor0.col1
----
26
43
83

query I rowsort
SELECT - cor0.col2 - + cor0.col2 AS col2 FROM tab0 AS cor0 GROUP BY cor0.col2
----
4294967138
4294967220
4294967248

skipif postgresql # PostgreSQL requires AS when renaming output columns
query I rowsort
SELECT ALL + 28 col0 FROM tab0 AS cor0 GROUP BY cor0.col2
----
28
28
28

query I rowsort
SELECT cor0.col1 * - cor0.col1 AS col2 FROM tab2 AS cor0 GROUP BY cor0.col1
----
4294963575
4294963815
4294965615

query I rowsort
SELECT 75 FROM tab2 GROUP BY tab2.col0
----
75
75
75

query I rowsort
SELECT ALL - 88 AS col0 FROM tab1 AS cor0 GROUP BY cor0.col0
----
4294967208
4294967208
4294967208

query I rowsort
SELECT - 56 AS col2 FROM tab2 AS cor0 GROUP BY cor0.col2
----
4294967240
4294967240
4294967240

query I rowsort
SELECT 58 AS col1 FROM tab2 AS cor0 GROUP BY cor0.col2
----
58
58
58

query I rowsort
SELECT ALL 85 * cor0.col2 AS col1 FROM tab0 AS cor0 GROUP BY col2
----
2040
3230
6715

query I rowsort
SELECT 53 AS col2 FROM tab2 AS cor0 GROUP BY cor0.col1
----
53
53
53

query I rowsort
SELECT + cor0.col1 AS col0 FROM tab1, tab0 AS cor0 GROUP BY cor0.col1
----
0
81

query I rowsort
SELECT + ( 46 ) FROM tab1 cor0 GROUP BY col0
----
46
46
46

query I rowsort
SELECT + 24 FROM tab1, tab2 AS cor0 GROUP BY tab1.col2
----
24
24
24

query I rowsort
SELECT ALL - 14 AS col2 FROM tab2, tab1 AS cor0 GROUP BY cor0.col0
----
4294967282
4294967282
4294967282

query I rowsort
SELECT ALL + ( 66 ) FROM tab0 AS cor0 GROUP BY cor0.col0
----
66
66
66

query I rowsort
SELECT 56 FROM tab0, tab2 cor0 GROUP BY cor0.col1
----
56
56
56

query I rowsort
SELECT ALL + 94 AS col0 FROM tab2 AS cor0 GROUP BY cor0.col0
----
94
94
94

skipif postgresql # PostgreSQL requires AS when renaming output columns
query I rowsort
SELECT col1 + - ( 3 ) * + 32 col0 FROM tab2 AS cor0 GROUP BY col1
----
4294967241
4294967259
4294967261

query I rowsort
SELECT ( - 72 ) FROM tab0 AS cor0 GROUP BY cor0.col2
----
4294967224
4294967224
4294967224

skipif postgresql # PostgreSQL requires AS when renaming output columns
query I rowsort
SELECT + cor0.col2 col2 FROM tab0 AS cor0 GROUP BY cor0.col0, cor0.col2
----
24
38
79

skipif postgresql # PostgreSQL requires AS when renaming output columns
query I rowsort
SELECT + cor0.col2 col0 FROM tab2 cor0 GROUP BY cor0.col2, cor0.col2
----
58
79
87

query I rowsort
SELECT cor0.col0 * - cor0.col0 * 15 + + 42 AS col0 FROM tab1 AS cor0 GROUP BY cor0.col0
----
4294866478
4294955578
4294960078

query I rowsort
SELECT ALL + 46 FROM tab2, tab1 AS cor0, tab2 AS cor1 GROUP BY cor0.col2
----
46
46
46

query I rowsort
SELECT 67 AS col2 FROM tab2 AS cor0 GROUP BY cor0.col1
----
67
67
67

query I rowsort
SELECT 4 FROM tab0 cor0 CROSS JOIN tab0 AS cor1 GROUP BY cor1.col2, cor1.col0
----
4
4
4

query I rowsort
SELECT + 49 FROM tab2 AS cor0 GROUP BY cor0.col1, cor0.col1
----
49
49
49

onlyif mysql # DIV for integer division:
query I rowsort label-2333
SELECT col1 DIV + cor0.col1 AS col1 FROM tab2 cor0 GROUP BY cor0.col1
----
1
1
1

query I rowsort
SELECT ALL + 62 AS col1 FROM tab1 AS cor0 GROUP BY cor0.col0
----
62
62
62

query I rowsort
SELECT + 37 FROM tab1 AS cor0 GROUP BY cor0.col0
----
37
37
37

query I rowsort
SELECT cor0.col2 + 25 AS col0 FROM tab0 AS cor0 GROUP BY cor0.col2
----
104
49
63

query I rowsort
SELECT ALL cor0.col1 * + cor0.col1 - ( 86 ) FROM tab2 AS cor0 GROUP BY cor0.col1, col1
----
1595
3395
3635

skipif postgresql # PostgreSQL requires AS when renaming output columns
query I rowsort
SELECT ALL - 13 col1 FROM tab1 cor0 GROUP BY cor0.col1
----
4294967283
4294967283
4294967283

skipif postgresql # PostgreSQL requires AS when renaming output columns
query I rowsort
SELECT cor0.col2 * ( + cor0.col2 * + cor0.col2 ) col0 FROM tab1 AS cor0 GROUP BY cor0.col2
----
357911
512
91125

query I rowsort
SELECT cor0.col2 * - 97 FROM tab2 AS cor0 GROUP BY cor0.col2
----
4294958857
4294959633
4294961670

query I rowsort
SELECT + cor0.col2 + 6 FROM tab2 cor0 GROUP BY cor0.col2
----
64
85
93

query I rowsort
SELECT 94 AS col2 FROM tab1 AS cor0 GROUP BY cor0.col2
----
94
94
94

query I rowsort
SELECT ALL - 70 FROM tab2 AS cor0 GROUP BY cor0.col1
----
4294967226
4294967226
4294967226

query I rowsort
SELECT 25 FROM tab0 AS cor0 GROUP BY cor0.col1, cor0.col1
----
25
25

query I rowsort
SELECT - 94 - cor0.col1 FROM tab0 AS cor0 GROUP BY cor0.col1
----
4294967121
4294967202

query I rowsort
SELECT ALL 73 FROM tab0 cor0 GROUP BY cor0.col2
----
73
73
73

onlyif mysql # DIV for integer division:
query I rowsort label-2366
SELECT + cor0.col1 DIV 6 AS col2 FROM tab2 AS cor0 GROUP BY cor0.col0, cor0.col2, cor0.col1
----
10
6
9

query I rowsort
SELECT + tab2.col0 * - 80 AS col0 FROM tab2 GROUP BY col0
----
4294959936
4294960016
4294966096

query I rowsort
SELECT 33 AS col0 FROM tab2 AS cor0 GROUP BY cor0.col2, cor0.col1
----
33
33
33

query I rowsort
SELECT 17 FROM tab1 AS cor0 GROUP BY cor0.col2
----
17
17
17

query I rowsort
SELECT - cor0.col1 AS col1 FROM tab2 AS cor0 GROUP BY cor0.col0, col1
----
4294967235
4294967237
4294967255

query I rowsort
SELECT - 53 + tab2.col2 + - tab2.col2 AS col0 FROM tab2 GROUP BY tab2.col2
----
4294967243
4294967243
4294967243

query I rowsort
SELECT 88 FROM tab1 AS cor0 GROUP BY cor0.col1
----
88
88
88

query I rowsort
SELECT 37 AS col1 FROM tab0, tab1 AS cor0 GROUP BY cor0.col2
----
37
37
37

query I rowsort
SELECT - ( 81 ) AS col1 FROM tab1 AS cor0 GROUP BY cor0.col1
----
4294967215
4294967215
4294967215

query I rowsort
SELECT + NULLIF ( cor0.col2 + col2, col2 ) AS col0 FROM tab1 AS cor0 GROUP BY cor0.col2
----
142
16
90

query I rowsort
SELECT + 36 FROM tab0 cor0 GROUP BY cor0.col0
----
36
36
36

query I rowsort
SELECT col0 * - tab2.col0 + - 20 FROM tab2 GROUP BY tab2.col0
----
4294958812
4294958995
4294967051

query I rowsort
SELECT + 0 FROM tab0, tab0 cor0 GROUP BY cor0.col2
----
0
0
0

query I rowsort
SELECT ALL - + cor0.col0 AS col0 FROM tab0, tab1 cor0 GROUP BY cor0.col0
----
4294967214
4294967268
4294967274

query I rowsort
SELECT ALL cor0.col0 * + 32 FROM tab0 AS cor0 GROUP BY cor0.col0
----
1376
2656
832

skipif postgresql # PostgreSQL requires AS when renaming output columns
query I rowsort
SELECT ALL col2 col2 FROM tab0 AS cor0 GROUP BY cor0.col2
----
24
38
79

query I rowsort
SELECT - - 94 FROM tab0, tab1 cor0 GROUP BY cor0.col0
----
94
94
94

query I rowsort
SELECT ALL 6 AS col2 FROM tab2 AS cor0 GROUP BY col1
----
6
6
6

query I rowsort
SELECT 56 * 17 FROM tab2 AS cor0 GROUP BY col1
----
952
952
952

query I rowsort
SELECT ALL - 18 * - cor0.col0 FROM tab2 AS cor0 GROUP BY col0
----
1638
1656
270

query I rowsort
SELECT - cor0.col2 + + 18 + cor0.col2 FROM tab2 AS cor0 GROUP BY cor0.col2
----
18
18
18

query I rowsort
SELECT - - cor0.col2 * + cor0.col2 * - cor0.col2 AS col0 FROM tab0, tab0 AS cor0 GROUP BY cor0.col2
----
4294474257
4294912424
4294953472

query I rowsort
SELECT + 47 FROM tab2 AS cor0 GROUP BY cor0.col0, cor0.col2
----
47
47
47

query I rowsort
SELECT ALL - 33 AS col1 FROM tab2 AS cor0 GROUP BY col0
----
4294967263
4294967263
4294967263

query I rowsort
SELECT + 9 FROM tab2 cor0 GROUP BY cor0.col2
----
9
9
9

query I rowsort
SELECT cor0.col2 * - 57 FROM tab0 AS cor0 GROUP BY cor0.col2
----
4294962793
4294965130
4294965928

query I rowsort
SELECT ALL - 32 * + col0 FROM tab2 AS cor0 GROUP BY cor0.col0
----
4294964352
4294964384
4294966816

query I rowsort
SELECT - 23 FROM tab1 AS cor0 GROUP BY cor0.col0
----
4294967273
4294967273
4294967273

query I rowsort
SELECT - cor0.col1 * + 18 FROM tab1 AS cor0 GROUP BY cor0.col0, cor0.col1
----
4294966270
4294966504
4294967188

query I rowsort
SELECT - 14 * + cor0.col2 AS col1 FROM tab2 AS cor0 GROUP BY cor0.col2
----
4294966078
4294966190
4294966484

query I rowsort
SELECT ALL + + col1 AS col2 FROM tab2 GROUP BY tab2.col1
----
41
59
61

query I rowsort
SELECT 24 * cor0.col2 AS col0 FROM tab2 AS cor0 GROUP BY col2
----
1392
1896
2088

query I rowsort
SELECT ALL 64 FROM tab1 AS cor0 GROUP BY col2, cor0.col1
----
64
64
64

skipif postgresql # PostgreSQL requires AS when renaming output columns
query I rowsort
SELECT ALL 40 * + tab0.col2 col2 FROM tab0, tab0 AS cor0 GROUP BY tab0.col2
----
1520
3160
960

query I rowsort
SELECT ALL 92 AS col2 FROM tab1 cor0 GROUP BY cor0.col1
----
92
92
92

query I rowsort
SELECT col0 AS col0 FROM tab0 cor0 GROUP BY cor0.col0
----
26
43
83

query I rowsort
SELECT - 26 FROM tab1 AS cor0 GROUP BY cor0.col1
----
4294967270
4294967270
4294967270

query I rowsort
SELECT + ( + cor0.col1 ) AS col2 FROM tab2 AS cor0 GROUP BY cor0.col1
----
41
59
61

query I rowsort
SELECT + - 30 - 40 FROM tab2, tab2 AS cor0 GROUP BY tab2.col1
----
4294967226
4294967226
4294967226

query I rowsort
SELECT ALL cor0.col1 * + col1 FROM tab2 AS cor0 GROUP BY cor0.col1
----
1681
3481
3721

query I rowsort
SELECT + 76 - 49 FROM tab1 AS cor0 GROUP BY cor0.col1
----
27
27
27

query I rowsort
SELECT - 28 FROM tab0 cor0 GROUP BY cor0.col2
----
4294967268
4294967268
4294967268

skipif postgresql # PostgreSQL requires AS when renaming output columns
query I rowsort
SELECT ALL cor0.col0 * + cor0.col0 + 80 * cor0.col0 col0 FROM tab1 AS cor0 GROUP BY cor0.col0, cor0.col0, cor0.col0
----
13284
2244
3024

query I rowsort
SELECT col2 AS col0 FROM tab1 AS cor0 GROUP BY col0, col2
----
45
71
8

query I rowsort
SELECT - - tab0.col2 AS col1 FROM tab0 GROUP BY tab0.col2
----
24
38
79

query I rowsort
SELECT 84 + cor0.col1 FROM tab2 AS cor0 GROUP BY cor0.col1
----
125
143
145

query I rowsort
SELECT ALL + 83 FROM tab1 AS cor0 GROUP BY cor0.col1, cor0.col2
----
83
83
83

query I rowsort
SELECT ALL 52 + 78 FROM tab0 GROUP BY tab0.col2
----
130
130
130

query I rowsort
SELECT ALL + 55 FROM tab1 AS cor0 GROUP BY cor0.col2
----
55
55
55

query I rowsort
SELECT 11 - - 62 FROM tab1 cor0 GROUP BY col1
----
73
73
73

query I rowsort
SELECT ALL + 88 FROM tab1 AS cor0 GROUP BY col0
----
88
88
88

query I rowsort
SELECT - - col1 * + 71 FROM tab2 GROUP BY col1
----
2911
4189
4331

query I rowsort
SELECT ALL 91 AS col0 FROM tab0 AS cor0 GROUP BY col2
----
91
91
91

query I rowsort
SELECT ALL col1 * ( 2 ) + cor0.col0 AS col0 FROM tab0 AS cor0 GROUP BY col0, cor0.col1
----
205
26
83

query I rowsort
SELECT ALL + cor0.col2 * cor0.col2 FROM tab1 AS cor0 GROUP BY cor0.col2
----
2025
5041
64

query I rowsort
SELECT ALL - cor0.col0 + + col0 AS col0 FROM tab1 cor0 GROUP BY cor0.col0, cor0.col2
----
0
0
0

query I rowsort
SELECT - 22 * - cor0.col1 AS col0 FROM tab2 AS cor0 GROUP BY col1
----
1298
1342
902

query I rowsort
SELECT + 95 * - 21 + cor0.col2 FROM tab1 AS cor0 GROUP BY cor0.col2, cor0.col0
----
4294965309
4294965346
4294965372

query I rowsort
SELECT ALL + ( cor0.col2 ) FROM tab2 AS cor0 GROUP BY col2
----
58
79
87

query I rowsort
SELECT ALL 78 AS col2 FROM tab1 AS cor0 GROUP BY cor0.col0
----
78
78
78

query I rowsort
SELECT - ( + cor0.col2 ) + cor0.col2 AS col0 FROM tab0 AS cor0 GROUP BY cor0.col2
----
0
0
0

query I rowsort
SELECT ALL cor0.col2 * 79 FROM tab1 AS cor0 GROUP BY cor0.col2
----
3555
5609
632

query I rowsort
SELECT ALL 47 * cor0.col2 AS col0 FROM tab1 AS cor0 GROUP BY col2, col1
----
2115
3337
376

query I rowsort
SELECT - 90 * + col2 FROM tab1 AS cor0 GROUP BY cor0.col2
----
4294960906
4294963246
4294966576

query I rowsort
SELECT ALL 76 AS col1 FROM tab2 AS cor0 GROUP BY cor0.col2
----
76
76
76

query I rowsort
SELECT ALL cor0.col0 * + col0 * + cor0.col0 AS col1 FROM tab2 AS cor0 GROUP BY cor0.col0
----
3375
753571
778688

query I rowsort
SELECT ALL - 0 FROM tab1 cor0 GROUP BY cor0.col0
----
0
0
0

query I rowsort
SELECT ALL + 91 * cor0.col1 AS col1 FROM tab1 AS cor0 GROUP BY cor0.col1
----
4004
5187
546

query I rowsort
SELECT + 23 AS col0 FROM tab0 AS cor0 GROUP BY cor0.col2
----
23
23
23

query I rowsort
SELECT + 85 FROM tab1 AS cor0 GROUP BY cor0.col0
----
85
85
85

query I rowsort
SELECT 43 + - cor0.col2 AS col1 FROM tab2 AS cor0 GROUP BY cor0.col2
----
4294967252
4294967260
4294967281

query I rowsort
SELECT ALL + 47 AS col2 FROM tab0, tab1 AS cor0 GROUP BY cor0.col1
----
47
47
47

query I rowsort
SELECT ALL 12 FROM tab2 cor0 GROUP BY col2
----
12
12
12

query I rowsort
SELECT ( - cor0.col1 + 90 ) AS col2 FROM tab1 AS cor0 GROUP BY cor0.col1
----
33
46
84

query I rowsort
SELECT ALL cor0.col1 * 7 FROM tab2 AS cor0 GROUP BY cor0.col1, cor0.col1
----
287
413
427

skipif postgresql # PostgreSQL requires AS when renaming output columns
query I rowsort
SELECT ALL 50 * - cor0.col2 col2 FROM tab1 AS cor0 GROUP BY cor0.col2
----
4294963746
4294965046
4294966896

skipif postgresql # PostgreSQL requires AS when renaming output columns
query I rowsort
SELECT 38 col1 FROM tab2 AS cor0 CROSS JOIN tab2 AS cor1 GROUP BY cor1.col1
----
38
38
38

query I rowsort
SELECT ALL 11 FROM tab2 GROUP BY tab2.col1
----
11
11
11

query I rowsort
SELECT 98 * - 39 FROM tab2 AS cor0 GROUP BY cor0.col2
----
4294963474
4294963474
4294963474

query I rowsort
SELECT 36 * + cor0.col1 + cor0.col1 FROM tab1 AS cor0 GROUP BY cor0.col1
----
1628
2109
222

query I rowsort
SELECT 38 + - cor0.col1 + + cor0.col1 FROM tab2 AS cor0 GROUP BY cor0.col1
----
38
38
38

query I rowsort
SELECT + 90 FROM tab2, tab0 AS cor0, tab2 AS cor1 GROUP BY cor1.col1
----
90
90
90

query I rowsort
SELECT 71 FROM tab0 AS cor0 GROUP BY cor0.col1
----
71
71

query I rowsort
SELECT - ( 78 ) AS col0 FROM tab1 AS cor0 GROUP BY cor0.col2, cor0.col1
----
4294967218
4294967218
4294967218

query I rowsort
SELECT ALL 66 AS col0 FROM tab1 cor0 GROUP BY cor0.col2, col0
----
66
66
66

query I rowsort
SELECT - 8 FROM tab1 AS cor0 GROUP BY cor0.col0
----
4294967288
4294967288
4294967288

query I rowsort
SELECT ALL + + 85 FROM tab0 GROUP BY col1
----
85
85

query I rowsort
SELECT ALL + + 24 FROM tab1, tab2 cor0, tab2 AS cor1 GROUP BY cor1.col0
----
24
24
24

query I rowsort
SELECT ALL 34 * + 0 FROM tab1, tab0 AS cor0 GROUP BY tab1.col2
----
0
0
0

query I rowsort
SELECT ALL 58 + - cor0.col0 FROM tab0 AS cor0 GROUP BY cor0.col0
----
15
32
4294967271

query I rowsort
SELECT + cor0.col2 * 54 FROM tab0 AS cor0 GROUP BY cor0.col2
----
1296
2052
4266

query I rowsort
SELECT ALL 43 FROM tab0 AS cor0 GROUP BY col0, cor0.col1
----
43
43
43

query I rowsort
SELECT 61 FROM tab2 AS cor0 GROUP BY cor0.col0
----
61
61
61

query I rowsort
SELECT + 46 FROM tab1 AS cor0 GROUP BY cor0.col1
----
46
46
46

query I rowsort
SELECT ALL cor0.col0 + 67 FROM tab2 AS cor0 GROUP BY cor0.col0
----
158
159
82

query I rowsort
SELECT 92 FROM tab1 cor0 GROUP BY cor0.col2, cor0.col1
----
92
92
92

query I rowsort
SELECT + cor0.col1 AS col2 FROM tab0, tab2 cor0 GROUP BY cor0.col1
----
41
59
61

query I rowsort
SELECT + 60 * - cor0.col2 AS col2 FROM tab0, tab1 AS cor0 GROUP BY cor0.col2
----
4294963036
4294964596
4294966816

query I rowsort
SELECT - 79 AS col1 FROM tab1 AS cor0 GROUP BY cor0.col1
----
4294967217
4294967217
4294967217

query I rowsort
SELECT ( cor0.col0 ) AS col2 FROM tab1 AS cor0 GROUP BY cor0.col0
----
22
28
82

query I rowsort
SELECT + 80 * - cor0.col0 FROM tab0 AS cor0 GROUP BY cor0.col0
----
4294960656
4294963856
4294965216

query I rowsort
SELECT + 53 AS col2 FROM tab1 GROUP BY col0
----
53
53
53

skipif postgresql # PostgreSQL requires AS when renaming output columns
query I rowsort
SELECT + 98 col0 FROM tab1 AS cor0 GROUP BY cor0.col1
----
98
98
98

query I rowsort
SELECT ALL 21 FROM tab2 AS cor0 GROUP BY col2
----
21
21
21

query I rowsort
SELECT 6 FROM tab2 GROUP BY tab2.col2
----
6
6
6

query I rowsort
SELECT - 43 AS col2 FROM tab0 GROUP BY tab0.col1
----
4294967253
4294967253

query I rowsort
SELECT + + 25 * - 61 * - tab1.col1 AS col0 FROM tab1 GROUP BY tab1.col1
----
67100
86925
9150

skipif postgresql # PostgreSQL requires AS when renaming output columns
query I rowsort
SELECT - 40 * + 40 col1 FROM tab2 GROUP BY tab2.col0
----
4294965696
4294965696
4294965696

query I rowsort
SELECT ALL - tab1.col0 AS col1 FROM tab1 GROUP BY tab1.col0
----
4294967214
4294967268
4294967274

skipif postgresql # PostgreSQL requires AS when renaming output columns
query I rowsort
SELECT ALL 11 col1 FROM tab0 AS cor0 GROUP BY cor0.col2
----
11
11
11

query I rowsort
SELECT 89 AS col1 FROM tab0, tab2 AS cor0, tab1 AS cor1 GROUP BY cor0.col2
----
89
89
89

onlyif mysql # DIV for integer division:
query I rowsort label-2577
SELECT 27 DIV + cor0.col0 col2 FROM tab1 AS cor0 GROUP BY col0
----
0
0
1

skipif postgresql # PostgreSQL requires AS when renaming output columns
query I rowsort
SELECT cor0.col2 col0 FROM tab0 cor0 GROUP BY cor0.col0, cor0.col2, cor0.col0
----
24
38
79

query I rowsort
SELECT + ( + 14 ) AS col1 FROM tab2 AS cor0 GROUP BY col2
----
14
14
14

query I rowsort
SELECT ALL 42 FROM tab0 AS cor0 GROUP BY cor0.col0
----
42
42
42

query I rowsort
SELECT ALL + 13 FROM tab2 cor0 GROUP BY col0
----
13
13
13

query I rowsort
SELECT ALL + 79 + + tab2.col0 * 23 FROM tab2 GROUP BY tab2.col0
----
2172
2195
424

query I rowsort
SELECT ALL + 2 FROM tab2 AS cor0 GROUP BY cor0.col2
----
2
2
2

query I rowsort
SELECT cor0.col0 + + 81 FROM tab1 AS cor0 GROUP BY col0
----
103
109
163

query I rowsort
SELECT + 28 + - tab2.col2 AS col2 FROM tab2 GROUP BY tab2.col2
----
4294967237
4294967245
4294967266

query I rowsort
SELECT - ( - cor0.col1 ) + cor0.col1 FROM tab1 AS cor0 GROUP BY cor0.col1, col1
----
114
12
88

query I rowsort
SELECT ALL - + 51 * + 5 FROM tab0 GROUP BY col2
----
4294967041
4294967041
4294967041

onlyif mysql # DIV for integer division:
query I rowsort label-2593
SELECT col1 DIV 43 AS col0 FROM tab0 AS cor0 GROUP BY cor0.col1
----
0
1

query I rowsort
SELECT cor0.col1 + - cor0.col2 AS col0 FROM tab0 AS cor0 GROUP BY cor0.col2, cor0.col1
----
4294967217
4294967258
57

onlyif mysql # DIV for integer division:
query I rowsort label-2597
SELECT 41 DIV - cor0.col1 col2 FROM tab1 AS cor0 GROUP BY col1
----
0
0
4294967290

query I rowsort
SELECT ALL 92 FROM tab1 AS cor0 GROUP BY cor0.col2
----
92
92
92

skipif postgresql # PostgreSQL requires AS when renaming output columns
query I rowsort
SELECT + + 11 * cor0.col2 col1 FROM tab1, tab0 AS cor0 GROUP BY cor0.col2
----
264
418
869

query I rowsort
SELECT 43 AS col1 FROM tab0 AS cor0 GROUP BY cor0.col2
----
43
43
43

query I rowsort
SELECT + 21 * cor0.col2 FROM tab2 AS cor0 GROUP BY col2
----
1218
1659
1827

query I rowsort
SELECT 3 AS col1 FROM tab1 AS cor0 GROUP BY cor0.col1
----
3
3
3

query I rowsort
SELECT 51 * + cor0.col2 AS col1 FROM tab0 AS cor0 GROUP BY cor0.col2, cor0.col0, cor0.col1
----
1224
1938
4029

query I rowsort
SELECT + + 42 FROM tab2, tab0 cor0 GROUP BY cor0.col0
----
42
42
42

query I rowsort
SELECT ALL + 38 AS col2 FROM tab1 GROUP BY tab1.col0
----
38
38
38

query I rowsort
SELECT ALL 95 AS col0 FROM tab2 AS cor0 GROUP BY col1
----
95
95
95

query I rowsort
SELECT ALL + + tab2.col2 * 20 FROM tab2 GROUP BY tab2.col2
----
1160
1580
1740

query I rowsort
SELECT NULLIF ( - cor0.col2 * 4, cor0.col2 ) FROM tab0 AS cor0 GROUP BY cor0.col2
----
4294966980
4294967144
4294967200

query I rowsort
SELECT ALL 84 AS col1 FROM tab2 AS cor0 CROSS JOIN tab0 AS cor1 GROUP BY cor1.col1
----
84
84

query I rowsort
SELECT - + tab0.col1 * + 0 AS col1 FROM tab0 GROUP BY tab0.col1
----
0
0

onlyif mysql # DIV for integer division:
query I rowsort label-2621
SELECT 91 DIV 72 + - col0 FROM tab1 AS cor0 GROUP BY cor0.col1, cor0.col0
----
4294967215
4294967269
4294967275

onlyif mysql # DIV for integer division:
query I rowsort label-2624
SELECT cor0.col1 DIV - 15 col0 FROM tab1 AS cor0 GROUP BY cor0.col1
----
0
4294967293
4294967294

query I rowsort
SELECT 35 FROM tab2 AS cor0 GROUP BY cor0.col2
----
35
35
35

query I rowsort
SELECT 15 FROM tab2 AS cor0 GROUP BY cor0.col0
----
15
15
15

query I rowsort
SELECT cor0.col0 * 5 FROM tab2 AS cor0 GROUP BY cor0.col0
----
455
460
75

query I rowsort
SELECT ALL 61 FROM tab1 cor0 GROUP BY col2
----
61
61
61

query I rowsort
SELECT + 47 FROM tab2 GROUP BY tab2.col0
----
47
47
47

query I rowsort
SELECT ( + 99 ) FROM tab2 AS cor0 GROUP BY cor0.col0
----
99
99
99

query I rowsort
SELECT ALL - cor0.col0 * col0 FROM tab0 AS cor0 GROUP BY cor0.col0
----
4294960407
4294965447
4294966620

query I rowsort
SELECT ALL 17 FROM tab0 cor0 CROSS JOIN tab0 AS cor1 GROUP BY cor1.col1
----
17
17

query I rowsort
SELECT - 58 AS col2 FROM tab1, tab1 AS cor0 GROUP BY cor0.col2
----
4294967238
4294967238
4294967238

onlyif mysql # DIV for integer division:
query I rowsort label-2641
SELECT + ( 15 ) DIV cor0.col1 col0 FROM tab1 AS cor0 GROUP BY cor0.col1
----
0
0
2

query I rowsort
SELECT 84 FROM tab1 AS cor0 GROUP BY cor0.col0, col0
----
84
84
84

query I rowsort
SELECT ALL - 52 * - col0 FROM tab2 AS cor0 GROUP BY cor0.col2, cor0.col1, col0
----
4732
4784
780

query I rowsort
SELECT cor0.col2 * 37 + + 74 FROM tab0 AS cor0 GROUP BY cor0.col0, cor0.col2
----
1480
2997
962

query I rowsort
SELECT + 19 FROM tab0 AS cor0 GROUP BY cor0.col0
----
19
19
19

query I rowsort
SELECT + 49 FROM tab0, tab2 AS cor0 GROUP BY cor0.col0
----
49
49
49

query I rowsort
SELECT ALL cor0.col2 * cor1.col0 AS col2 FROM tab2 AS cor0 CROSS JOIN tab1 cor1 GROUP BY cor0.col2, cor1.col0
----
9 values hashing to 19cd7195099b01c0ba4a11e95bb242f0

query I rowsort
SELECT + 89 - cor0.col2 FROM tab1 cor0 GROUP BY col2
----
18
44
81

query I rowsort
SELECT ( + cor0.col0 ) FROM tab2 AS cor0 GROUP BY cor0.col2, cor0.col0
----
15
91
92

query I rowsort
SELECT ALL NULLIF ( cor0.col0, - cor0.col0 ) * + ( cor0.col1 ) AS col1 FROM tab2 AS cor0 GROUP BY cor0.col0, cor0.col1
----
3772
5369
915

query I rowsort
SELECT + cor0.col2 * cor0.col2 FROM tab2, tab0 AS cor0 GROUP BY cor0.col2
----
1444
576
6241

query I rowsort
SELECT + 60 AS col1 FROM tab1 AS cor0 GROUP BY cor0.col1
----
60
60
60

query I rowsort
SELECT + 91 + 38 FROM tab0 cor0 GROUP BY col0
----
129
129
129

query I rowsort
SELECT 82 * cor0.col2 AS col2 FROM tab2 AS cor0 GROUP BY cor0.col2
----
4756
6478
7134

query I rowsort
SELECT - 41 FROM tab2 AS cor0 GROUP BY cor0.col0
----
4294967255
4294967255
4294967255

query I rowsort
SELECT - 21 AS col1 FROM tab2 AS cor0 GROUP BY cor0.col1
----
4294967275
4294967275
4294967275

query I rowsort
SELECT + 32 FROM tab1 GROUP BY tab1.col2
----
32
32
32

query I rowsort
SELECT ALL + 30 AS col2 FROM tab0 cor0 GROUP BY col1
----
30
30

query I rowsort
SELECT ( 72 ) FROM tab0 AS cor0 GROUP BY cor0.col1, cor0.col2
----
72
72
72

skipif postgresql # PostgreSQL requires AS when renaming output columns
query I rowsort
SELECT 67 col0 FROM tab1, tab2 AS cor0 GROUP BY cor0.col0
----
67
67
67

query I rowsort
SELECT ALL + 95 FROM tab1 AS cor0 GROUP BY col2
----
95
95
95

query I rowsort
SELECT + 48 AS col2 FROM tab1 AS cor0 GROUP BY cor0.col0
----
48
48
48

query I rowsort
SELECT - + 65 FROM tab1, tab0 cor0 GROUP BY cor0.col2
----
4294967231
4294967231
4294967231

query I rowsort
SELECT ALL - cor0.col2 * col0 + cor0.col2 FROM tab0 AS cor0 GROUP BY cor0.col2, cor0.col0
----
4294964180
4294965321
4294966288

query I rowsort
SELECT 93 AS col1 FROM tab2 cor0 GROUP BY cor0.col0
----
93
93
93

query I rowsort
SELECT - 22 - + 28 AS col0 FROM tab2 AS cor0 GROUP BY cor0.col1
----
4294967246
4294967246
4294967246

query I rowsort
SELECT - 98 * + cor0.col0 AS col1 FROM tab1, tab2 cor0 GROUP BY cor0.col0
----
4294958280
4294958378
4294965826

skipif postgresql # PostgreSQL requires AS when renaming output columns
query I rowsort
SELECT - 70 col1 FROM tab1 GROUP BY tab1.col1
----
4294967226
4294967226
4294967226

query I rowsort
SELECT ALL - 35 FROM tab0 GROUP BY tab0.col1
----
4294967261
4294967261

query I rowsort
SELECT - 3 FROM tab0 AS cor0 GROUP BY cor0.col0
----
4294967293
4294967293
4294967293

query I rowsort
SELECT ALL 99 FROM tab1 AS cor0 GROUP BY cor0.col1
----
99
99
99

query I rowsort
SELECT 45 FROM tab2 cor0 GROUP BY cor0.col1
----
45
45
45

skipif postgresql # PostgreSQL requires AS when renaming output columns
query I rowsort
SELECT - 73 col1 FROM tab2 cor0 GROUP BY cor0.col0, cor0.col1, cor0.col0
----
4294967223
4294967223
4294967223

query I rowsort
SELECT 20 AS col2 FROM tab0 AS cor0 GROUP BY cor0.col2, col0
----
20
20
20

query I rowsort
SELECT ALL 13 * col1 FROM tab2 AS cor0 GROUP BY cor0.col1
----
533
767
793

query I rowsort
SELECT - cor0.col1 * 85 FROM tab0 AS cor0 GROUP BY cor0.col1
----
0
4294960411

query I rowsort
SELECT + 56 + + cor0.col1 * ( + cor0.col1 ) AS col2 FROM tab0 cor0 GROUP BY col1, cor0.col2
----
56
56
6617

query I rowsort
SELECT 37 FROM tab1 AS cor0 GROUP BY cor0.col0
----
37
37
37

query I rowsort
SELECT + - 93 FROM tab2, tab2 cor0, tab1 AS cor1 GROUP BY cor0.col2
----
4294967203
4294967203
4294967203

query I rowsort
SELECT 96 AS col1 FROM tab2 AS cor0 CROSS JOIN tab0 AS cor1 GROUP BY cor1.col0
----
96
96
96

skipif postgresql # PostgreSQL requires AS when renaming output columns
query I rowsort
SELECT ALL + col2 * 32 col2 FROM tab2 AS cor0 GROUP BY cor0.col2
----
1856
2528
2784

query I rowsort
SELECT - NULLIF ( + 26 + + cor0.col0, 96 ) AS col2 FROM tab1 AS cor0 GROUP BY cor0.col0
----
4294967188
4294967242
4294967248

query I rowsort
SELECT ALL - 97 AS col1 FROM tab2 AS cor0 GROUP BY cor0.col1
----
4294967199
4294967199
4294967199

query I rowsort
SELECT cor0.col2 * + 93 FROM tab0 AS cor0 GROUP BY col1, cor0.col2
----
2232
3534
7347

query I rowsort
SELECT - 46 FROM tab1 AS cor0 GROUP BY cor0.col2
----
4294967250
4294967250
4294967250

query I rowsort
SELECT 98 AS col1 FROM tab0 AS cor0 GROUP BY cor0.col0
----
98
98
98

query I rowsort
SELECT ALL + 12 FROM tab0, tab1 AS cor0 GROUP BY tab0.col0
----
12
12
12

query I rowsort
SELECT + 81 FROM tab0 AS cor0 GROUP BY cor0.col1
----
81
81

query I rowsort
SELECT - 85 AS col2 FROM tab1 AS cor0 GROUP BY cor0.col2
----
4294967211
4294967211
4294967211

query I rowsort
SELECT + 25 FROM tab1 cor0 GROUP BY cor0.col1
----
25
25
25

query I rowsort
SELECT ALL - 20 AS col1 FROM tab2 AS cor0 GROUP BY cor0.col0
----
4294967276
4294967276
4294967276

query I rowsort
SELECT ALL cor0.col0 + cor0.col1 * + 76 AS col1 FROM tab2 cor0 GROUP BY cor0.col0, cor0.col1
----
3208
4575
4651

onlyif mysql # DIV for integer division:
query I rowsort label-2756
SELECT ALL + col2 DIV - 44 FROM tab2 AS cor0 GROUP BY col2
----
4294967295
4294967295
4294967295

query I rowsort
SELECT - 29 AS col1 FROM tab0 GROUP BY tab0.col1
----
4294967267
4294967267

query I rowsort
SELECT + 80 FROM tab1 AS cor0 GROUP BY cor0.col0
----
80
80
80

query I rowsort
SELECT ALL - 3 FROM tab2 AS cor0 GROUP BY cor0.col2
----
4294967293
4294967293
4294967293

query I rowsort
SELECT ALL 37 AS col1 FROM tab1 AS cor0 GROUP BY cor0.col0
----
37
37
37

query I rowsort
SELECT - cor0.col2 * 91 * cor0.col2 AS col0 FROM tab0 AS cor0 GROUP BY cor0.col1, cor0.col1, cor0.col2
----
4294399365
4294835892
4294914880

query I rowsort
SELECT + 22 * - cor0.col2 FROM tab0 AS cor0 GROUP BY cor0.col1, cor0.col2
----
4294965558
4294966460
4294966768

query I rowsort
SELECT + 74 FROM tab2 AS cor0 GROUP BY cor0.col2, cor0.col2
----
74
74
74

query I rowsort
SELECT cor1.col0 * 76 + ( - 24 ) FROM tab1 AS cor0 CROSS JOIN tab1 AS cor1 GROUP BY cor1.col0
----
1648
2104
6208

query I rowsort
SELECT + + 53 * 64 AS col2 FROM tab2, tab0 AS cor0, tab1 AS cor1 GROUP BY cor1.col2
----
3392
3392
3392

query I rowsort
SELECT ALL 0 AS col2 FROM tab0 AS cor0 GROUP BY cor0.col1
----
0
0

query I rowsort
SELECT + NULLIF ( cor0.col2, - cor0.col2 ) FROM tab1 AS cor0 GROUP BY cor0.col2
----
45
71
8

query I rowsort
SELECT cor0.col1 + 26 + cor0.col1 * - cor0.col1 FROM tab0 AS cor0 GROUP BY cor0.col2, cor0.col1
----
26
26
4294960842

query I rowsort
SELECT ( 94 ) AS col0 FROM tab2 AS cor0 GROUP BY cor0.col1
----
94
94
94

query I rowsort
SELECT ALL 68 FROM tab1 AS cor0 GROUP BY cor0.col1
----
68
68
68

query I rowsort
SELECT - 93 FROM tab0 AS cor0 GROUP BY cor0.col0
----
4294967203
4294967203
4294967203

query I rowsort
SELECT NULLIF ( - 52, + cor0.col0 ) + cor0.col0 * - 18 * - 64 FROM tab2 AS cor0 GROUP BY cor0.col1, cor0.col0
----
104780
105932
17228

skipif postgresql # PostgreSQL requires AS when renaming output columns
query I rowsort
SELECT 39 col1 FROM tab2 cor0 GROUP BY cor0.col1
----
39
39
39

onlyif mysql # DIV for integer division:
query I rowsort label-2788
SELECT + cor0.col2 DIV - 72 FROM tab2 AS cor0 GROUP BY cor0.col2, cor0.col2
----
0
4294967295
4294967295

query I rowsort
SELECT + ( + 96 ) + + 27 AS col0 FROM tab2, tab1 AS cor0 GROUP BY cor0.col1
----
123
123
123

query I rowsort
SELECT ALL + ( + 44 ) FROM tab0 cor0 GROUP BY col0, cor0.col1
----
44
44
44

query I rowsort
SELECT cor0.col1 * + 95 FROM tab1 AS cor0 GROUP BY cor0.col1
----
4180
5415
570

query I rowsort
SELECT + 0 FROM tab0 cor0 GROUP BY col2
----
0
0
0

skipif postgresql # PostgreSQL requires AS when renaming output columns
query I rowsort
SELECT - cor0.col2 + cor0.col1 * - ( - 40 ) * col2 + - cor0.col1 * + 28 col0 FROM tab1 AS cor0 GROUP BY cor0.col2, cor0.col1
----
100959
123657
1744

query I rowsort
SELECT - 11 AS col1 FROM tab0 GROUP BY tab0.col1
----
4294967285
4294967285

onlyif mysql # DIV for integer division:
query I rowsort label-2807
SELECT + cor0.col0 + + 37 DIV - 60 FROM tab1 AS cor0 GROUP BY cor0.col0
----
22
28
82

query I rowsort
SELECT - 93 FROM tab2 AS cor0 GROUP BY cor0.col0, cor0.col2
----
4294967203
4294967203
4294967203

onlyif mysql # DIV for integer division:
query I rowsort label-2811
SELECT - col1 DIV - 46 FROM tab1 AS cor0 GROUP BY cor0.col1
----
0
0
1

query I rowsort
SELECT - 84 AS col2 FROM tab2 AS cor0 GROUP BY cor0.col0
----
4294967212
4294967212
4294967212

query I rowsort
SELECT ALL - cor0.col2 * + 12 FROM tab1 AS cor0 GROUP BY cor0.col2
----
4294966444
4294966756
4294967200

query I rowsort
SELECT + 32 AS col0 FROM tab1 AS cor0 GROUP BY cor0.col2
----
32
32
32

query I rowsort
SELECT 41 AS col2 FROM tab2 AS cor0 GROUP BY cor0.col2
----
41
41
41

onlyif mysql # DIV for integer division:
query I rowsort label-2832
SELECT ALL + ( + cor0.col0 ) DIV - 83 col2 FROM tab2 AS cor0 GROUP BY cor0.col0, cor0.col2
----
0
4294967295
4294967295

query I rowsort
SELECT 80 FROM tab2 AS cor0 GROUP BY cor0.col1
----
80
80
80

query I rowsort
SELECT + tab2.col2 - - 63 FROM tab2 GROUP BY tab2.col2
----
121
142
150

query I rowsort
SELECT + 7 FROM tab0 AS cor0 CROSS JOIN tab0 AS cor1 GROUP BY cor1.col0
----
7
7
7

query I rowsort
SELECT ALL - 27 AS col1 FROM tab0 AS cor0 GROUP BY cor0.col2
----
4294967269
4294967269
4294967269

query I rowsort
SELECT - 71 AS col0 FROM tab2 AS cor0 GROUP BY cor0.col1
----
4294967225
4294967225
4294967225

skipif postgresql # PostgreSQL requires AS when renaming output columns
query I rowsort
SELECT ALL 58 col2 FROM tab1 AS cor0 GROUP BY cor0.col0
----
58
58
58

query I rowsort
SELECT + 56 AS col2 FROM tab0 AS cor0 GROUP BY cor0.col0
----
56
56
56

query I rowsort
SELECT + 83 * col0 AS col2 FROM tab0 AS cor0 GROUP BY cor0.col0
----
2158
3569
6889

query I rowsort
SELECT ALL - col1 - - 56 FROM tab0 GROUP BY tab0.col1
----
4294967271
56

query I rowsort
SELECT ALL 58 * col0 - + 94 FROM tab0 AS cor0 GROUP BY cor0.col0, cor0.col1
----
1414
2400
4720

query I rowsort
SELECT ALL COALESCE ( - tab2.col2, 64 ) FROM tab2 GROUP BY tab2.col2
----
4294967209
4294967217
4294967238

query I rowsort
SELECT - ( COALESCE ( cor0.col1, cor0.col1 ) ) * + cor0.col2 FROM tab1 AS cor0 GROUP BY cor0.col1, cor0.col2
----
4294964172
4294964731
4294967248

query I rowsort
SELECT - 6 AS col0 FROM tab0 GROUP BY col1
----
4294967290
4294967290

skipif postgresql # PostgreSQL requires AS when renaming output columns
query I rowsort
SELECT 36 col0 FROM tab1 AS cor0 GROUP BY cor0.col0, cor0.col2, cor0.col0
----
36
36
36

query I rowsort
SELECT 77 AS col0 FROM tab2 cor0 GROUP BY col2
----
77
77
77

query I rowsort
SELECT ALL 10 AS col2 FROM tab0 AS cor0 GROUP BY col1
----
10
10

query I rowsort
SELECT ALL 25 + - 82 FROM tab1, tab2 AS cor0 GROUP BY cor0.col2
----
4294967239
4294967239
4294967239

query I rowsort
SELECT ALL - ( cor0.col0 ) AS col2 FROM tab0 AS cor0 GROUP BY cor0.col0
----
4294967213
4294967253
4294967270

query I rowsort
SELECT ALL - NULLIF ( 92, - cor0.col0 ) FROM tab1 AS cor0 GROUP BY cor0.col0
----
4294967204
4294967204
4294967204

query I rowsort
SELECT ALL + 99 AS col1 FROM tab1 AS cor0 GROUP BY cor0.col0
----
99
99
99

onlyif mysql # DIV for integer division:
query I rowsort label-2860
SELECT ( cor0.col0 ) DIV + cor0.col0 AS col0 FROM tab0 AS cor0 GROUP BY cor0.col0
----
1
1
1

query I rowsort
SELECT ALL - cor0.col2 FROM tab1 cor0 GROUP BY cor0.col2, cor0.col2
----
4294967225
4294967251
4294967288

onlyif mysql # DIV for integer division:
query I rowsort label-2865
SELECT ALL + cor0.col0 DIV - col0 AS col2 FROM tab0 AS cor0 GROUP BY cor0.col0
----
4294967295
4294967295
4294967295

query I rowsort
SELECT ALL - cor0.col0 * + 53 + 12 FROM tab1, tab2 cor0 GROUP BY cor0.col0
----
4294962432
4294962485
4294966513

query I rowsort
SELECT 12 FROM tab2 cor0 GROUP BY cor0.col0
----
12
12
12

query I rowsort
SELECT 95 FROM tab1 AS cor0 GROUP BY cor0.col0
----
95
95
95

query I rowsort
SELECT ALL ( + tab2.col2 ) AS col1 FROM tab2, tab2 AS cor0 GROUP BY tab2.col2
----
58
79
87

query I rowsort
SELECT + 34 AS col0 FROM tab0 cor0 GROUP BY col2
----
34
34
34

query I rowsort
SELECT ALL 82 AS col1 FROM tab1 AS cor0 GROUP BY cor0.col0
----
82
82
82

query I rowsort
SELECT 73 + cor0.col1 + + col1 AS col2 FROM tab2 AS cor0 GROUP BY cor0.col1
----
155
191
195

query I rowsort
SELECT - 89 FROM tab2 AS cor0 GROUP BY cor0.col1
----
4294967207
4294967207
4294967207

query I rowsort
SELECT 60 * cor0.col1 FROM tab1 AS cor0 GROUP BY cor0.col1, cor0.col0
----
2640
3420
360

query I rowsort
SELECT ALL + - 25 FROM tab2, tab0 cor0 GROUP BY cor0.col0
----
4294967271
4294967271
4294967271

query I rowsort
SELECT ALL + cor0.col2 + cor0.col2 FROM tab0 AS cor0 GROUP BY cor0.col2, cor0.col1, cor0.col1
----
158
48
76

query I rowsort
SELECT - 92 FROM tab1 AS cor0 GROUP BY cor0.col0
----
4294967204
4294967204
4294967204

query I rowsort
SELECT ALL - 16 + + cor1.col2 AS col0 FROM tab1, tab1 AS cor0, tab0 AS cor1 GROUP BY cor1.col2
----
22
63
8

onlyif mysql # DIV for integer division:
query I rowsort label-2890
SELECT ALL 57 DIV - ( cor0.col2 * + cor0.col2 ) FROM tab1 AS cor0 GROUP BY cor0.col2
----
0
0
0

query I rowsort
SELECT - - 86 AS col1 FROM tab1 GROUP BY tab1.col0
----
86
86
86

query I rowsort
SELECT ALL + NULLIF ( 38 + + cor0.col2, 96 ) AS col0 FROM tab1 AS cor0 GROUP BY cor0.col2
----
109
46
83

query I rowsort
SELECT ALL + ( - cor0.col2 ) AS col0 FROM tab0 AS cor0 GROUP BY cor0.col2
----
4294967217
4294967258
4294967272

query I rowsort
SELECT ALL 91 AS col2 FROM tab2 AS cor0 GROUP BY cor0.col1
----
91
91
91

query I rowsort
SELECT ALL + 95 AS col1 FROM tab1 GROUP BY tab1.col0
----
95
95
95

query I rowsort
SELECT cor0.col0 * + cor0.col0 + - 53 AS col2 FROM tab0 AS cor0 GROUP BY cor0.col0
----
1796
623
6836

query I rowsort
SELECT ALL + cor0.col2 * cor0.col2 AS col0 FROM tab2 AS cor0 GROUP BY cor0.col2
----
3364
6241
7569

query I rowsort
SELECT + 10 * + cor0.col0 FROM tab2 AS cor0 GROUP BY cor0.col1, cor0.col2, cor0.col0
----
150
910
920

query I rowsort
SELECT 38 FROM tab2 AS cor0 GROUP BY cor0.col1
----
38
38
38

query I rowsort
SELECT - tab2.col0 FROM tab2, tab2 cor0 GROUP BY tab2.col0
----
4294967204
4294967205
4294967281

onlyif mysql # DIV for integer division:
query I rowsort label-2913
SELECT 78 DIV - cor0.col2 + - cor0.col2 + + 60 AS col2 FROM tab2 AS cor0 GROUP BY cor0.col2, cor0.col2
----
1
4294967269
4294967277

query I rowsort
SELECT ALL 38 + 85 * col2 FROM tab1 AS cor0 GROUP BY col1, cor0.col2, cor0.col2
----
3863
6073
718

query I rowsort
SELECT 50 FROM tab2 cor0 GROUP BY cor0.col0
----
50
50
50

skipif postgresql # PostgreSQL requires AS when renaming output columns
query I rowsort
SELECT + ( cor0.col1 ) col2 FROM tab2 AS cor0 GROUP BY cor0.col1
----
41
59
61

query I rowsort
SELECT ALL cor0.col0 * cor0.col0 * 9 AS col2 FROM tab1 AS cor0 GROUP BY cor0.col0
----
4356
60516
7056

query I rowsort
SELECT - 69 AS col1 FROM tab0 AS cor0 GROUP BY cor0.col0
----
4294967227
4294967227
4294967227

query I rowsort
SELECT ALL + 0 * + 90 FROM tab2 AS cor0 GROUP BY cor0.col1
----
0
0
0

query I rowsort
SELECT 17 AS col0 FROM tab0 AS cor0 GROUP BY cor0.col1, cor0.col1, cor0.col2
----
17
17
17

skipif postgresql # PostgreSQL requires AS when renaming output columns
query I rowsort
SELECT - + 28 col0 FROM tab1, tab2 AS cor0 GROUP BY cor0.col0
----
4294967268
4294967268
4294967268

query I rowsort
SELECT ALL - 54 AS col1 FROM tab2 AS cor0 GROUP BY cor0.col0
----
4294967242
4294967242
4294967242

query I rowsort
SELECT cor0.col1 * 20 AS col2 FROM tab1 AS cor0 GROUP BY cor0.col1
----
1140
120
880

query I rowsort
SELECT - + 46 FROM tab2, tab1 AS cor0 GROUP BY cor0.col0
----
4294967250
4294967250
4294967250

query I rowsort
SELECT + 8 * - 21 + - cor0.col0 FROM tab2, tab2 cor0 GROUP BY cor0.col0
----
4294967036
4294967037
4294967113

query I rowsort
SELECT + 11 AS col1 FROM tab0 AS cor0 GROUP BY cor0.col2
----
11
11
11

query I rowsort
SELECT ALL 19 FROM tab0 AS cor0 GROUP BY cor0.col1
----
19
19

query I rowsort
SELECT - COALESCE ( - 48 + - col2, 72 ) AS col2 FROM tab1 AS cor0 GROUP BY cor0.col2
----
119
56
93

skipif postgresql # PostgreSQL requires AS when renaming output columns
query I rowsort
SELECT col0 * - 83 col0 FROM tab0 cor0 GROUP BY cor0.col0
----
4294960407
4294963727
4294965138

query I rowsort
SELECT ALL - 56 FROM tab2, tab0 AS cor0 GROUP BY tab2.col2
----
4294967240
4294967240
4294967240

query I rowsort
SELECT + 4 + 13 + cor0.col2 AS col2 FROM tab2, tab2 AS cor0 GROUP BY cor0.col2
----
104
75
96

query I rowsort
SELECT ALL 60 AS col0 FROM tab1 AS cor0 GROUP BY cor0.col1
----
60
60
60

query I rowsort
SELECT - 3 * cor0.col1 * cor0.col1 + 69 FROM tab1 cor0 GROUP BY cor0.col1
----
4294957618
4294961557
4294967257

query I rowsort
SELECT ALL 63 AS col1 FROM tab0 AS cor0 GROUP BY cor0.col2
----
63
63
63

query I rowsort
SELECT 53 * - cor0.col2 FROM tab0 AS cor0 GROUP BY cor0.col2
----
4294963109
4294965282
4294966024

query I rowsort
SELECT + + 82 + + cor0.col2 FROM tab1, tab1 AS cor0 GROUP BY cor0.col2
----
127
153
90

query I rowsort
SELECT + cor0.col1 AS col1 FROM tab1, tab0 AS cor0 GROUP BY cor0.col1
----
0
81

query I rowsort
SELECT + 58 FROM tab0 AS cor0 GROUP BY cor0.col2, cor0.col2
----
58
58
58

query I rowsort
SELECT ALL - cor0.col0 * cor0.col0 FROM tab0 AS cor0 GROUP BY col0
----
4294960407
4294965447
4294966620

query I rowsort
SELECT + cor0.col1 * cor0.col1 + + col1 FROM tab1 AS cor0 GROUP BY cor0.col1
----
1980
3306
42

query I rowsort
SELECT 18 FROM tab0, tab0 AS cor0, tab1 AS cor1 GROUP BY cor1.col0
----
18
18
18

query I rowsort
SELECT ALL 3 AS col0 FROM tab2 GROUP BY tab2.col2
----
3
3
3

query I rowsort
SELECT - cor0.col0 + + col0 FROM tab0 AS cor0 GROUP BY col1, cor0.col0
----
0
0
0

query I rowsort
SELECT cor0.col2 * cor0.col2 AS col1 FROM tab0 cor0 GROUP BY col2, cor0.col1
----
1444
576
6241

query I rowsort
SELECT - cor0.col2 AS col0 FROM tab1 AS cor0 GROUP BY cor0.col2, cor0.col2
----
4294967225
4294967251
4294967288

query III rowsort
SELECT ALL * FROM tab0 AS cor0 GROUP BY col2, cor0.col0, cor0.col1
----
9 values hashing to 8ad40ad40eb1e471572580fddc8d2aaf

query I rowsort
SELECT - 89 AS col0 FROM tab0 AS cor0 GROUP BY cor0.col2
----
4294967207
4294967207
4294967207

query I rowsort
SELECT ALL - - 98 FROM tab0, tab0 AS cor0 GROUP BY cor0.col1
----
98
98

query I rowsort
SELECT cor0.col1 + - cor0.col1 AS col2 FROM tab2 AS cor0 GROUP BY cor0.col1
----
0
0
0

query I rowsort
SELECT - 62 AS col0 FROM tab0, tab0 AS cor0 GROUP BY cor0.col1
----
4294967234
4294967234

query I rowsort
SELECT - 70 AS col2 FROM tab0 AS cor0 GROUP BY cor0.col0
----
4294967226
4294967226
4294967226

query I rowsort
SELECT ALL - 87 AS col2 FROM tab1 AS cor0 GROUP BY cor0.col0
----
4294967209
4294967209
4294967209

query I rowsort
SELECT cor0.col0 FROM tab0 AS cor0 GROUP BY cor0.col2, cor0.col0, cor0.col1
----
26
43
83

query I rowsort
SELECT + cor0.col0 * + cor0.col0 AS col0 FROM tab1 AS cor0 GROUP BY cor0.col0
----
484
6724
784

query I rowsort
SELECT ALL col2 FROM tab1 cor0 GROUP BY cor0.col2
----
45
71
8

query I rowsort
SELECT + + tab0.col2 * 50 AS col1 FROM tab0 GROUP BY tab0.col2
----
1200
1900
3950

query I rowsort
SELECT 71 AS col2 FROM tab1 cor0 CROSS JOIN tab0 AS cor1 GROUP BY cor1.col2
----
71
71
71

query I rowsort
SELECT ALL 8 AS col2 FROM tab2 AS cor0 GROUP BY cor0.col2
----
8
8
8

query I rowsort
SELECT ALL - 55 * + col1 FROM tab1 AS cor0 GROUP BY cor0.col1
----
4294964161
4294964876
4294966966

query I rowsort
SELECT ALL ( - cor0.col2 ) AS col0 FROM tab1 AS cor0 GROUP BY cor0.col2
----
4294967225
4294967251
4294967288

query I rowsort
SELECT ALL + col1 AS col1 FROM tab2 AS cor0 GROUP BY cor0.col1
----
41
59
61

query I rowsort
SELECT col1 FROM tab1 GROUP BY col1
----
44
57
6

query I rowsort
SELECT ALL - 33 * - cor0.col0 FROM tab1 AS cor0 GROUP BY cor0.col0
----
2706
726
924

query I rowsort
SELECT + 54 AS col2 FROM tab2 AS cor0 GROUP BY cor0.col2
----
54
54
54

onlyif mysql # DIV for integer division:
query I rowsort label-3016
SELECT - cor0.col2 DIV 76 FROM tab2 AS cor0 GROUP BY cor0.col2
----
0
4294967295
4294967295

query I rowsort
SELECT ALL - 48 AS col0 FROM tab0, tab0 AS cor0 GROUP BY cor0.col2
----
4294967248
4294967248
4294967248

skipif postgresql # PostgreSQL requires AS when renaming output columns
query I rowsort
SELECT ALL cor0.col0 * col0 col0 FROM tab2 cor0 GROUP BY cor0.col0, col0
----
225
8281
8464

skipif postgresql # PostgreSQL requires AS when renaming output columns
query I rowsort
SELECT + cor0.col2 col2 FROM tab0, tab0 AS cor0 GROUP BY cor0.col2
----
24
38
79

query I rowsort
SELECT ALL - - cor0.col2 AS col1 FROM tab2, tab2 cor0 GROUP BY cor0.col2
----
58
79
87

onlyif mysql # DIV for integer division:
query I rowsort label-3024
SELECT ALL cor0.col0 DIV + 59 FROM tab2 AS cor0 GROUP BY cor0.col0
----
0
1
1

query I rowsort
SELECT col1 * 74 FROM tab0 GROUP BY tab0.col1
----
0
5994

skipif postgresql # PostgreSQL requires AS when renaming output columns
query I rowsort
SELECT - col2 col2 FROM tab1 AS cor0 GROUP BY cor0.col2, cor0.col1, cor0.col0
----
4294967225
4294967251
4294967288

query I rowsort
SELECT ALL 44 + + tab1.col0 FROM tab1 GROUP BY tab1.col0
----
126
66
72

query I rowsort
SELECT ALL 64 FROM tab2, tab0 AS cor0 GROUP BY cor0.col1
----
64
64

query I rowsort
SELECT cor0.col0 AS col2 FROM tab2 AS cor0 GROUP BY cor0.col0, cor0.col0
----
15
91
92

skipif postgresql # PostgreSQL requires AS when renaming output columns
query I rowsort
SELECT - ( + 84 ) col0 FROM tab2 AS cor0 GROUP BY cor0.col0
----
4294967212
4294967212
4294967212

query I rowsort
SELECT + ( + 39 ) AS col0 FROM tab2 cor0 GROUP BY cor0.col1
----
39
39
39

query I rowsort
SELECT - cor0.col1 + + col1 FROM tab2 cor0 GROUP BY cor0.col1
----
0
0
0

skipif postgresql # PostgreSQL requires AS when renaming output columns
query I rowsort
SELECT ALL + cor0.col1 col2 FROM tab2 AS cor0 GROUP BY cor0.col1
----
41
59
61

query I rowsort
SELECT - 71 FROM tab2 AS cor0 GROUP BY cor0.col2, cor0.col0
----
4294967225
4294967225
4294967225

query I rowsort
SELECT - cor0.col2 + - cor0.col2 FROM tab0, tab2 AS cor0 GROUP BY cor0.col2
----
4294967122
4294967138
4294967180

query I rowsort
SELECT + col2 * + cor0.col2 FROM tab0 AS cor0 GROUP BY col2
----
1444
576
6241

skipif postgresql # PostgreSQL requires AS when renaming output columns
query I rowsort
SELECT - - 25 col0 FROM tab0 GROUP BY tab0.col1
----
25
25

query I rowsort
SELECT + NULLIF ( 59, - 22 ) FROM tab1 AS cor0 GROUP BY cor0.col0
----
59
59
59

query I rowsort
SELECT 76 AS col0 FROM tab1 cor0 GROUP BY cor0.col0, cor0.col0
----
76
76
76

query I rowsort
SELECT ALL 48 * + tab1.col0 + tab1.col0 AS col2 FROM tab1 GROUP BY col0
----
1078
1372
4018

query I rowsort
SELECT + 35 * - 30 AS col1 FROM tab2 AS cor0 GROUP BY col2
----
4294966246
4294966246
4294966246

query I rowsort
SELECT ALL + - tab1.col0 AS col1 FROM tab1 GROUP BY tab1.col0
----
4294967214
4294967268
4294967274

query I rowsort
SELECT - ( 45 ) + + col0 FROM tab2 AS cor0 GROUP BY cor0.col0
----
4294967266
46
47

query I rowsort
SELECT ALL cor0.col1 AS col1 FROM tab0 AS cor0 GROUP BY cor0.col1, cor0.col0
----
0
0
81

query I rowsort
SELECT ALL 44 FROM tab1 cor0 GROUP BY cor0.col2
----
44
44
44

query I rowsort
SELECT + cor0.col2 AS col1 FROM tab0 AS cor0 GROUP BY cor0.col0, cor0.col2
----
24
38
79

skipif postgresql # PostgreSQL requires AS when renaming output columns
query I rowsort
SELECT ALL - 71 col0 FROM tab0 AS cor0 GROUP BY cor0.col2, cor0.col1, cor0.col1
----
4294967225
4294967225
4294967225

query I rowsort
SELECT cor0.col2 AS col1 FROM tab2 AS cor0 GROUP BY cor0.col2, col2, cor0.col1
----
58
79
87

query I rowsort
SELECT 8 FROM tab1 AS cor0 GROUP BY col2, cor0.col2
----
8
8
8

query I rowsort
SELECT + cor0.col1 * - 24 AS col2 FROM tab2 AS cor0 GROUP BY cor0.col2, col1
----
4294965832
4294965880
4294966312

query I rowsort
SELECT COALESCE ( - 73, cor0.col0, - 90 ) * - 38 + col0 FROM tab1 cor0 GROUP BY col0
----
2796
2802
2856

query I rowsort
SELECT ALL COALESCE ( + 72, - cor0.col2 ) + + cor0.col0 AS col2 FROM tab1 cor0 GROUP BY cor0.col0, cor0.col2
----
100
154
94

query I rowsort
SELECT - cor0.col2 + - col0 * + NULLIF ( COALESCE ( cor0.col2, - 37, col2 ) + cor0.col0, cor0.col0 ) FROM tab0 cor0 GROUP BY cor0.col0, cor0.col2
----
4294957215
4294964391
4294964487

skipif postgresql # PostgreSQL requires AS when renaming output columns
query I rowsort
SELECT cor0.col0 + + COALESCE ( - cor0.col1, cor0.col0, - 46 * 52 ) col0 FROM tab0 cor0 GROUP BY cor0.col1, cor0.col0
----
26
4294967258
83

query I rowsort
SELECT COALESCE ( + 30, + 13 ) AS col1 FROM tab0, tab0 AS cor0 GROUP BY cor0.col0
----
30
30
30

query I rowsort
SELECT + col1 * + cor0.col2 + COALESCE ( cor0.col1 + cor0.col1, 40, + cor0.col2 ) * + 31 AS col1 FROM tab0 AS cor0 GROUP BY cor0.col1, cor0.col2
----
0
0
6966

query I rowsort
SELECT ALL COALESCE ( 75, cor0.col0 + cor0.col0 * - 85 ) AS col2 FROM tab2 AS cor0 GROUP BY cor0.col0
----
75
75
75

query I rowsort
SELECT ALL col2 * - COALESCE ( 91 * cor0.col1, + cor0.col2, + cor0.col1 * cor0.col1 ) AS col1 FROM tab1 cor0 GROUP BY cor0.col0, col2, cor0.col1
----
4294683012
4294733881
4294962928

query I rowsort
SELECT + COALESCE ( + 12 + cor0.col1, ( 51 ) * cor0.col1 ) AS col1 FROM tab2 AS cor0 GROUP BY cor0.col1, cor0.col1
----
53
71
73

onlyif mysql # DIV for integer division:
query I rowsort label-3141
SELECT ALL - 13 DIV cor0.col2 AS col0 FROM tab2 AS cor0 GROUP BY cor0.col2
----
0
0
0

query I rowsort
SELECT + 61 AS col2 FROM tab1 AS cor0 GROUP BY cor0.col0
----
61
61
61

query I rowsort
SELECT - col0 * + cor0.col0 AS col2 FROM tab0 AS cor0 GROUP BY col0
----
4294960407
4294965447
4294966620

query I rowsort
SELECT 16 AS col2 FROM tab0 AS cor0 GROUP BY col0
----
16
16
16

skipif postgresql # PostgreSQL requires AS when renaming output columns
query I rowsort
SELECT ALL + cor0.col2 + 38 col2 FROM tab0 AS cor0 GROUP BY cor0.col2
----
117
62
76

query I rowsort
SELECT 47 FROM tab2 AS cor0 GROUP BY cor0.col0
----
47
47
47

query I rowsort
SELECT + col0 + cor0.col0 FROM tab0 AS cor0 GROUP BY cor0.col0
----
166
52
86

query I rowsort
SELECT ALL col1 * + cor0.col2 + - col2 * col1 - cor0.col1 * cor0.col1 * + cor0.col2 AS col0 FROM tab0 AS cor0 GROUP BY cor0.col1, cor0.col2
----
0
0
4294809832

query I rowsort
SELECT cor0.col0 + col0 AS col1 FROM tab2 AS cor0 GROUP BY cor0.col0, cor0.col0
----
182
184
30

query I rowsort
SELECT ALL + 94 FROM tab1 AS cor0 GROUP BY col1
----
94
94
94

query I rowsort
SELECT + cor0.col2 * cor0.col2 * + cor0.col2 FROM tab1 AS cor0 GROUP BY col2
----
357911
512
91125

onlyif mysql # DIV for integer division:
query I rowsort label-3163
SELECT - 63 DIV col2 AS col2 FROM tab0 AS cor0 GROUP BY cor0.col2
----
0
4294967294
4294967295

query I rowsort
SELECT ALL - 63 FROM tab0 AS cor0 GROUP BY cor0.col2
----
4294967233
4294967233
4294967233

skipif postgresql # PostgreSQL requires AS when renaming output columns
query I rowsort
SELECT ALL + + 54 col1 FROM tab1, tab2 AS cor0 GROUP BY cor0.col2
----
54
54
54

query I rowsort
SELECT ALL cor0.col2 AS col1 FROM tab0 AS cor0 GROUP BY col0, cor0.col2
----
24
38
79







